id,pens_made,goals_assists_per90,position,fouls,goals,player,goals_assists_pens_per90,squad,goals_per90,minutes_per_game,games_starts,games_subs,cards_per90,shots_on_target_per90,goals_pens_per90,games,cards_yellow,cards_red,nationality,assists,minutes,fouls_per90,age,shots_on_target,pens_att
0,0,0.05,DF,44,0,Mathias Jørgensen,0.05,Huddersfield Town,0.00,90,38,0,0.16,0.08,0.00,38,6,0,dk DEN,2,"3,420",1.16,27,3,0
1,0,0.05,DF,36,1,Lewis Dunk,0.05,Brighton & Hove Albion,0.03,90,38,0,0.18,0.24,0.03,38,7,0,eng ENG,1,"3,420",0.95,25,9,0
2,0,0.00,GK,0,0,Mathew Ryan,0.00,Brighton & Hove Albion,0.00,90,38,0,0.00,0.00,0.00,38,0,0,au AUS,0,"3,420",0.00,25,0,0
3,0,0.00,GK,1,0,Jordan Pickford,0.00,Everton,0.00,90,38,0,0.00,0.00,0.00,38,0,0,eng ENG,0,"3,420",0.03,23,0,0
4,0,0.08,"DF,MF",23,2,Jack Cork,0.08,Burnley,0.05,90,38,0,0.18,0.13,0.05,38,7,0,eng ENG,1,"3,420",0.61,28,5,0
5,0,0.00,GK,2,0,Asmir Begović,0.00,Bournemouth,0.00,90,38,0,0.05,0.00,0.00,38,2,0,ba BIH,0,"3,420",0.05,30,0,0
6,0,0.00,GK,1,0,Łukasz Fabiański,0.00,Swansea City,0.00,90,38,0,0.00,0.00,0.00,38,0,0,pl POL,0,"3,420",0.03,32,0,0
7,0,0.03,GK,0,0,Jonas Lössl,0.03,Huddersfield Town,0.00,90,38,0,0.03,0.00,0.00,38,1,0,dk DEN,1,"3,420",0.00,28,0,0
8,0,0.08,DF,19,2,Alfie Mawson,0.08,Swansea City,0.05,90,38,0,0.08,0.16,0.05,38,3,0,eng ENG,1,"3,420",0.50,23,6,0
9,0,0.16,DF,34,2,Harry Maguire,0.16,Leicester City,0.05,90,38,0,0.18,0.21,0.05,38,7,0,eng ENG,4,"3,420",0.89,24,8,0
10,0,0.05,DF,25,2,Ahmed Hegazi,0.05,West Bromwich Albion,0.05,89,38,0,0.11,0.11,0.05,38,4,0,eg EGY,0,"3,386",0.66,26,4,0
11,0,0.13,"MF,DF",27,2,Nathan Aké,0.13,Bournemouth,0.05,88,37,1,0.13,0.21,0.05,38,5,0,nl NED,3,"3,353",0.72,22,8,0
12,0,0.22,DF,25,2,César Azpilicueta,0.22,Chelsea,0.05,90,37,0,0.03,0.08,0.05,37,1,0,es ESP,6,"3,330",0.68,27,3,0
13,0,0.00,GK,0,0,David de Gea,0.00,Manchester United,0.00,90,37,0,0.00,0.00,0.00,37,0,0,es ESP,0,"3,330",0.00,26,0,0
14,0,0.00,GK,1,0,Ben Foster,0.00,West Bromwich Albion,0.00,90,37,0,0.05,0.00,0.00,37,2,0,eng ENG,0,"3,330",0.03,34,0,0
15,0,0.27,MF,44,7,Abdoulaye Doucouré,0.27,Watford,0.19,90,37,0,0.27,0.46,0.19,37,10,0,fr FRA,3,"3,324",1.19,24,17,0
16,0,0.03,"DF,MF",33,0,Shane Duffy,0.03,Brighton & Hove Albion,0.00,89,37,0,0.22,0.14,0.00,37,8,0,ie IRL,1,"3,292",0.90,25,5,0
17,0,0.03,DF,33,0,Pablo Zabaleta,0.03,West Ham United,0.00,89,37,0,0.25,0.03,0.00,37,9,0,ar ARG,1,"3,289",0.90,32,1,0
18,0,0.03,DF,30,0,Christopher Schindler,0.03,Huddersfield Town,0.00,88,37,0,0.22,0.00,0.00,37,7,1,de GER,1,"3,265",0.83,27,0,0
19,0,0.22,MF,57,1,Granit Xhaka,0.22,Arsenal,0.03,86,37,1,0.28,0.47,0.03,38,10,0,ch SUI,7,"3,260",1.57,24,17,0
20,5,0.58,FW,29,20,Jamie Vardy,0.44,Leicester City,0.55,88,37,0,0.08,0.97,0.42,37,3,0,eng ENG,1,"3,247",0.80,30,35,6
21,0,0.08,MF,51,0,Dale Stephens,0.08,Brighton & Hove Albion,0.00,90,36,0,0.17,0.06,0.00,36,6,0,eng ENG,3,"3,240",1.42,28,2,0
22,0,0.00,GK,1,0,Hugo Lloris,0.00,Tottenham Hotspur,0.00,90,36,0,0.03,0.00,0.00,36,1,0,fr FRA,0,"3,240",0.03,30,0,0
23,0,0.56,"MF,DF",14,10,Christian Eriksen,0.56,Tottenham Hotspur,0.28,87,37,0,0.00,1.09,0.28,37,0,0,dk DEN,10,"3,218",0.39,25,39,0
24,0,0.00,DF,20,0,Jan Vertonghen,0.00,Tottenham Hotspur,0.00,89,36,0,0.11,0.11,0.00,36,4,0,be BEL,0,"3,203",0.56,30,4,0
25,0,0.00,GK,0,0,Ederson,0.00,Manchester City,0.00,89,36,0,0.03,0.00,0.00,36,1,0,br BRA,0,"3,194",0.00,23,0,0
26,0,0.00,GK,2,0,Thibaut Courtois,0.00,Chelsea,0.00,90,35,0,0.06,0.00,0.00,35,2,0,be BEL,0,"3,150",0.06,25,0,0
27,0,0.00,GK,0,0,Jack Butland,0.00,Stoke City,0.00,90,35,0,0.00,0.00,0.00,35,0,0,eng ENG,0,"3,150",0.00,24,0,0
28,0,0.03,"MF,DF",27,0,Martin Olsson,0.03,Swansea City,0.00,88,36,0,0.20,0.03,0.00,36,7,0,se SWE,1,"3,149",0.77,29,1,0
29,0,0.23,MF,49,2,Joe Allen,0.23,Stoke City,0.06,87,36,0,0.23,0.11,0.06,36,8,0,wal WAL,6,"3,139",1.40,27,4,0
30,0,0.11,"DF,MF",32,0,Ryan Bertrand,0.11,Southampton,0.00,90,35,0,0.06,0.09,0.00,35,2,0,eng ENG,4,"3,135",0.92,27,3,0
31,0,0.26,"MF,FW",10,2,Andros Townsend,0.26,Crystal Palace,0.06,87,35,1,0.09,0.40,0.06,36,3,0,eng ENG,7,"3,120",0.29,26,14,0
32,0,0.12,MF,41,0,Davy Pröpper,0.12,Brighton & Hove Albion,0.00,89,35,0,0.09,0.14,0.00,35,2,1,nl NED,4,"3,119",1.18,25,5,0
33,0,0.06,MF,33,1,Nemanja Matić,0.06,Manchester United,0.03,87,35,1,0.17,0.09,0.03,36,6,0,rs SRB,1,"3,118",0.95,28,3,0
34,0,0.00,GK,1,0,Nick Pope,0.00,Burnley,0.00,89,34,1,0.09,0.00,0.00,35,3,0,eng ENG,0,"3,115",0.03,25,0,0
35,7,0.32,MF,69,10,Luka Milivojević,0.12,Crystal Palace,0.29,86,35,1,0.23,0.50,0.09,36,8,0,rs SRB,1,"3,080",2.02,26,17,8
36,2,0.94,FW,34,30,Harry Kane,0.88,Tottenham Hotspur,0.88,83,35,2,0.15,2.22,0.82,37,5,0,eng ENG,2,"3,076",0.99,24,76,3
37,0,0.70,MF,30,8,Kevin De Bruyne,0.70,Manchester City,0.23,83,36,1,0.06,1.14,0.23,37,2,0,be BEL,16,"3,073",0.88,26,39,0
38,0,0.12,DF,20,1,Aaron Cresswell,0.12,West Ham United,0.03,85,35,1,0.21,0.09,0.03,36,7,0,eng ENG,3,"3,069",0.59,27,3,0
39,1,0.21,MF,26,4,Aaron Mooy,0.18,Huddersfield Town,0.12,85,34,2,0.12,0.21,0.09,36,4,0,au AUS,3,"3,067",0.76,26,7,1
40,0,0.15,DF,37,2,Héctor Bellerín,0.15,Arsenal,0.06,87,34,1,0.15,0.24,0.06,35,5,0,es ESP,3,"3,051",1.09,22,8,0
41,0,0.44,MF,28,8,Xherdan Shaqiri,0.44,Stoke City,0.24,84,36,0,0.15,0.95,0.24,36,5,0,ch SUI,7,"3,039",0.83,25,32,1
42,0,0.00,GK,0,0,Petr Čech,0.00,Arsenal,0.00,89,34,0,0.03,0.00,0.00,34,1,0,cz CZE,0,"3,039",0.00,35,0,0
43,0,0.06,DF,31,0,Kyle Naughton,0.06,Swansea City,0.00,89,34,0,0.03,0.03,0.00,34,1,0,eng ENG,2,"3,030",0.92,28,1,0
44,0,0.12,DF,7,1,Charlie Daniels,0.12,Bournemouth,0.03,86,34,1,0.00,0.18,0.03,35,0,0,eng ENG,3,"3,002",0.21,30,6,0
45,0,0.06,MF,41,1,N'Golo Kanté,0.06,Chelsea,0.03,88,34,0,0.09,0.15,0.03,34,3,0,fr FRA,1,"2,994",1.23,26,5,0
46,0,0.12,DF,27,4,Nicolás Otamendi,0.12,Manchester City,0.12,87,33,1,0.27,0.30,0.12,34,9,0,ar ARG,0,"2,967",0.82,29,10,0
47,0,0.00,GK,0,0,Kasper Schmeichel,0.00,Leicester City,0.00,90,33,0,0.09,0.00,0.00,33,3,0,dk DEN,0,"2,965",0.00,30,0,0
48,0,0.58,MF,45,9,Dele Alli,0.58,Tottenham Hotspur,0.27,82,34,2,0.21,0.52,0.27,36,7,0,eng ENG,10,"2,958",1.37,21,17,0
49,0,0.67,"MF,FW",23,12,Riyad Mahrez,0.67,Leicester City,0.37,82,34,2,0.06,1.10,0.37,36,2,0,dz ALG,10,"2,950",0.70,26,36,0
50,0,0.09,DF,16,3,Jamaal Lascelles,0.09,Newcastle United,0.09,89,32,1,0.15,0.25,0.09,33,5,0,eng ENG,0,"2,928",0.49,23,8,0
51,1,0.46,MF,33,7,Pascal Groß,0.43,Brighton & Hove Albion,0.22,77,35,3,0.06,0.61,0.18,38,2,0,de GER,8,"2,928",1.01,26,20,1
52,1,1.30,"MF,FW",16,32,Mohamed Salah,1.27,Liverpool,0.99,81,34,2,0.03,2.07,0.96,36,1,0,eg EGY,10,"2,907",0.50,25,67,2
53,0,0.09,DF,63,0,Wilfred Ndidi,0.09,Leicester City,0.00,88,33,0,0.31,0.19,0.00,33,8,2,ng NGA,3,"2,898",1.96,20,6,0
54,0,0.03,MF,53,1,Oriol Romeu,0.03,Southampton,0.03,85,34,0,0.34,0.12,0.03,34,11,0,es ESP,0,"2,897",1.65,25,4,0
55,0,0.03,DF,19,1,Kurt Zouma,0.03,Stoke City,0.03,85,32,2,0.03,0.25,0.03,34,1,0,fr FRA,0,"2,888",0.59,22,8,0
56,0,0.25,MF,41,5,Fernandinho,0.25,Manchester City,0.16,85,33,1,0.22,0.62,0.16,34,7,0,br BRA,3,"2,881",1.28,32,20,0
57,0,0.03,DF,15,1,Angelo Ogbonna,0.03,West Ham United,0.03,90,32,0,0.09,0.09,0.03,32,3,0,it ITA,0,"2,880",0.47,29,3,0
58,0,0.72,FW,31,16,Romelu Lukaku,0.72,Manchester United,0.50,84,33,1,0.13,1.35,0.50,34,4,0,be BEL,7,"2,867",0.97,24,43,1
59,0,0.28,DF,26,7,Marcos Alonso,0.28,Chelsea,0.22,87,33,0,0.19,0.76,0.22,33,6,0,es ESP,2,"2,855",0.82,26,24,0
60,1,0.28,FW,63,7,Jordan Ayew,0.25,Swansea City,0.22,79,33,3,0.09,0.66,0.19,36,2,1,gh GHA,2,"2,852",1.99,25,21,1
61,0,0.06,DF,32,0,DeAndre Yedlin,0.06,Newcastle United,0.00,84,31,3,0.16,0.00,0.00,34,5,0,us USA,2,"2,845",1.01,24,0,0
62,0,0.32,"FW,MF",18,2,Jóhann Berg Guðmundsson,0.32,Burnley,0.06,81,32,3,0.06,0.57,0.06,35,2,0,is ISL,8,"2,833",0.57,26,18,0
63,0,0.03,DF,22,0,Kieran Gibbs,0.03,West Bromwich Albion,0.00,86,32,1,0.10,0.03,0.00,33,3,0,eng ENG,1,"2,827",0.70,27,1,0
64,0,0.06,"DF,MF",23,0,Eric Dier,0.06,Tottenham Hotspur,0.00,83,32,2,0.13,0.22,0.00,34,4,0,eng ENG,2,"2,824",0.73,23,7,0
65,0,0.29,FW,37,5,Richarlison,0.29,Watford,0.16,74,32,6,0.13,0.77,0.16,38,4,0,br BRA,4,"2,823",1.18,20,24,0
66,0,0.00,DF,31,0,Wes Morgan,0.00,Leicester City,0.00,88,32,0,0.13,0.10,0.00,32,4,0,jm JAM,0,"2,817",0.99,33,3,0
67,1,0.26,FW,43,7,Jay Rodriguez,0.22,West Bromwich Albion,0.22,76,31,6,0.06,0.80,0.19,37,2,0,eng ENG,1,"2,812",1.38,28,25,1
68,0,0.26,MF,37,3,Matt Ritchie,0.26,Newcastle United,0.10,80,32,3,0.19,0.51,0.10,35,6,0,sco SCO,5,"2,804",1.19,27,16,0
69,0,0.16,"DF,MF",45,2,Cheikhou Kouyaté,0.16,West Ham United,0.06,85,32,1,0.16,0.16,0.06,33,5,0,sn SEN,3,"2,799",1.45,27,5,0
70,0,0.10,DF,15,0,Cédric Soares,0.10,Southampton,0.00,87,32,0,0.10,0.13,0.00,32,3,0,pt POR,3,"2,794",0.48,25,4,0
71,1,0.29,MF,46,6,Dušan Tadić,0.26,Southampton,0.19,78,34,2,0.13,0.52,0.16,36,4,0,rs SRB,3,"2,791",1.48,28,16,1
72,0,0.00,DF,25,0,James Tarkowski,0.00,Burnley,0.00,90,31,0,0.16,0.16,0.00,31,5,0,eng ENG,0,"2,790",0.81,24,5,0
73,0,0.19,DF,17,0,Kyle Walker,0.19,Manchester City,0.00,87,32,0,0.13,0.03,0.00,32,3,1,eng ENG,6,"2,785",0.55,27,1,0
74,0,0.10,"MF,DF",22,2,Steve Cook,0.10,Bournemouth,0.07,81,31,3,0.16,0.20,0.07,34,5,0,eng ENG,1,"2,767",0.72,26,6,0
75,0,0.33,FW,41,7,Salomón Rondón,0.33,West Bromwich Albion,0.23,77,32,4,0.13,0.94,0.23,36,4,0,ve VEN,3,"2,767",1.33,27,29,0
76,1,0.72,"MF,FW",58,15,Roberto Firmino,0.68,Liverpool,0.49,75,32,5,0.03,1.24,0.46,37,1,0,br BRA,7,"2,763",1.89,25,38,1
77,0,0.10,MF,48,2,Idrissa Gana Gueye,0.10,Everton,0.07,83,32,1,0.26,0.23,0.07,33,7,1,sn SEN,1,"2,751",1.57,27,7,0
78,0,0.13,"MF,DF",38,3,Antonio Valencia,0.13,Manchester United,0.10,88,31,0,0.23,0.10,0.10,31,7,0,ec ECU,1,"2,740",1.25,31,3,0
79,0,0.03,DF,58,0,Erik Pieters,0.03,Stoke City,0.00,88,30,1,0.17,0.03,0.00,31,5,0,nl NED,1,"2,718",1.92,28,1,0
80,0,0.03,DF,24,0,Simon Francis,0.03,Bournemouth,0.00,85,31,1,0.33,0.03,0.00,32,9,1,eng ENG,1,"2,705",0.80,32,1,0
81,0,0.07,DF,29,1,Federico Fernández,0.07,Swansea City,0.03,89,30,0,0.17,0.13,0.03,30,5,0,ar ARG,1,"2,676",0.98,28,4,0
82,0,0.13,MF,42,2,Jake Livermore,0.13,West Bromwich Albion,0.07,79,30,4,0.17,0.13,0.07,34,5,0,eng ENG,2,"2,674",1.41,27,4,0
83,0,0.00,DF,14,0,Ben Mee,0.00,Burnley,0.00,90,29,0,0.17,0.28,0.00,29,5,0,eng ENG,0,"2,610",0.48,27,8,0
84,0,0.28,FW,38,6,Mame Biram Diouf,0.28,Stoke City,0.21,74,30,5,0.21,0.69,0.21,35,6,0,sn SEN,2,"2,596",1.32,29,20,0
85,1,1.01,"MF,FW",39,18,Raheem Sterling,0.97,Manchester City,0.63,78,29,4,0.17,1.25,0.59,33,4,1,eng ENG,11,"2,587",1.36,22,36,1
86,0,0.14,MF,23,0,Tom Carroll,0.14,Swansea City,0.00,70,28,9,0.11,0.11,0.00,37,3,0,eng ENG,4,"2,570",0.81,25,3,0
87,0,0.04,DF,21,0,Michael Keane,0.04,Everton,0.00,85,29,1,0.11,0.04,0.00,30,3,0,eng ENG,1,"2,560",0.74,24,1,0
88,0,0.42,"FW,MF",45,9,Wilfried Zaha,0.42,Crystal Palace,0.32,88,28,1,0.18,0.92,0.32,29,5,0,eng ENG,3,"2,549",1.59,24,26,0
89,0,0.32,MF,20,2,Marc Albrighton,0.32,Leicester City,0.07,75,30,4,0.21,0.21,0.07,34,5,1,eng ENG,7,"2,538",0.71,27,6,0
90,0,0.14,DF,24,4,Chris Smalling,0.14,Manchester United,0.14,87,28,1,0.14,0.21,0.14,29,4,0,eng ENG,0,"2,536",0.85,27,6,0
91,0,0.00,DF,25,0,Davinson Sánchez,0.00,Tottenham Hotspur,0.00,82,29,2,0.07,0.04,0.00,31,1,1,co COL,0,"2,534",0.89,21,1,0
92,0,0.04,DF,22,0,Wesley Hoedt,0.04,Southampton,0.00,90,28,0,0.25,0.07,0.00,28,7,0,nl NED,1,"2,520",0.79,23,2,0
93,0,0.07,DF,35,2,Craig Dawson,0.07,West Bromwich Albion,0.07,90,28,0,0.22,0.14,0.07,28,6,0,eng ENG,0,"2,510",1.25,27,4,0
94,0,0.47,FW,36,8,Ayoze Pérez,0.47,Newcastle United,0.29,69,28,8,0.11,0.87,0.29,36,3,0,es ESP,5,"2,492",1.30,24,24,0
95,0,0.07,"FW,MF,DF",11,1,Stephen Ward,0.07,Burnley,0.04,88,28,0,0.04,0.04,0.04,28,1,0,ie IRL,1,"2,460",0.40,31,1,0
96,2,0.40,FW,45,8,Joshua King,0.33,Bournemouth,0.29,74,27,6,0.11,0.77,0.22,33,3,0,no NOR,3,"2,453",1.65,25,21,2
97,0,0.07,"FW,MF",22,2,Tom Ince,0.07,Huddersfield Town,0.07,74,27,6,0.00,0.73,0.07,33,0,0,eng ENG,0,"2,452",0.81,25,20,0
98,0,0.22,"MF,DF,FW",29,2,Ashley Young,0.22,Manchester United,0.07,81,28,2,0.26,0.15,0.07,30,7,0,eng ENG,4,"2,442",1.07,32,4,0
99,0,0.22,MF,45,5,James McArthur,0.22,Crystal Palace,0.19,74,27,6,0.19,0.41,0.19,33,5,0,sco SCO,1,"2,431",1.67,29,11,0
100,0,0.00,GK,0,0,Wayne Hennessey,0.00,Crystal Palace,0.00,90,27,0,0.04,0.00,0.00,27,1,0,wal WAL,0,"2,430",0.00,30,0,0
101,0,0.74,MF,21,9,David Silva,0.74,Manchester City,0.33,84,28,1,0.19,0.74,0.33,29,5,0,es ESP,11,"2,430",0.78,31,20,0
102,2,0.59,"MF,FW",13,12,Eden Hazard,0.52,Chelsea,0.45,71,28,6,0.07,1.37,0.37,34,2,0,be BEL,4,"2,422",0.48,26,37,2
103,0,0.15,"MF,FW",22,3,Anthony Knockaert,0.15,Brighton & Hove Albion,0.11,73,27,6,0.19,0.45,0.11,33,4,1,fr FRA,1,"2,421",0.82,25,12,0
104,0,0.93,"FW,MF",24,10,Leroy Sané,0.93,Manchester City,0.37,76,27,5,0.15,0.74,0.37,32,4,0,de GER,15,"2,419",0.89,21,20,0
105,2,0.15,MF,28,4,Mark Noble,0.07,West Ham United,0.15,83,28,1,0.23,0.23,0.07,29,6,0,eng ENG,0,"2,400",1.05,30,6,2
106,0,0.00,MF,32,0,Jonathan Hogg,0.00,Huddersfield Town,0.00,80,29,1,0.38,0.08,0.00,30,9,1,eng ENG,0,"2,398",1.20,28,2,0
107,0,0.11,"DF,MF",20,3,James Tomkins,0.11,Crystal Palace,0.11,85,27,1,0.30,0.38,0.11,28,8,0,eng ENG,0,"2,387",0.75,28,10,0
108,0,0.11,MF,13,1,Georginio Wijnaldum,0.11,Liverpool,0.04,72,27,6,0.04,0.38,0.04,33,1,0,nl NED,2,"2,387",0.49,26,10,0
109,0,0.15,"DF,MF",37,0,José Holebas,0.15,Watford,0.00,85,26,2,0.26,0.11,0.00,28,7,0,gr GRE,4,"2,382",1.40,33,3,0
110,0,0.04,MF,35,0,Yohan Cabaye,0.04,Crystal Palace,0.00,77,28,3,0.27,0.45,0.00,31,7,0,fr FRA,1,"2,376",1.33,31,12,0
111,0,0.08,DF,26,1,Ryan Shawcross,0.08,Stoke City,0.04,88,27,0,0.08,0.30,0.04,27,2,0,eng ENG,1,"2,371",0.99,29,8,0
112,0,0.12,DF,26,2,Antonio Rüdiger,0.12,Chelsea,0.08,87,25,2,0.15,0.15,0.08,27,4,0,de GER,1,"2,338",1.00,24,4,0
113,0,0.15,MF,19,2,Jeff Hendrick,0.15,Burnley,0.08,69,29,5,0.04,0.23,0.08,34,1,0,ie IRL,2,"2,331",0.73,25,6,0
114,0,0.08,DF,31,2,Christian Kabasele,0.08,Watford,0.08,83,27,1,0.19,0.19,0.08,28,5,0,be BEL,0,"2,330",1.20,26,5,0
115,0,0.31,DF,24,2,Ben Davies,0.31,Tottenham Hotspur,0.08,80,26,3,0.12,0.23,0.08,29,3,0,wal WAL,6,"2,324",0.93,24,6,0
116,0,0.70,"MF,FW",15,12,Son Heung-min,0.70,Tottenham Hotspur,0.47,63,27,10,0.00,1.32,0.47,37,0,0,kr KOR,6,"2,317",0.58,25,34,0
117,0,0.39,FW,22,5,Eric Maxim Choupo-Moting,0.39,Stoke City,0.19,77,26,4,0.12,0.78,0.19,30,3,0,cm CMR,5,"2,314",0.86,28,20,0
118,0,0.66,"MF,FW",35,11,Marko Arnautović,0.66,West Ham United,0.43,75,28,3,0.23,1.28,0.43,31,5,1,at AUT,6,"2,313",1.36,28,33,0
119,0,0.04,DF,20,0,Allan Nyom,0.04,West Bromwich Albion,0.00,80,25,4,0.27,0.00,0.00,29,7,0,cm CMR,1,"2,310",0.78,29,0,0
120,0,0.23,"MF,FW",25,2,Cesc Fàbregas,0.23,Chelsea,0.08,72,25,7,0.23,0.39,0.08,32,5,1,es ESP,4,"2,307",0.98,30,10,0
121,0,0.00,DF,21,0,Danny Simpson,0.00,Leicester City,0.00,82,27,1,0.16,0.04,0.00,28,4,0,eng ENG,0,"2,306",0.82,30,1,0
122,0,0.12,DF,19,0,Matthew Lowton,0.12,Burnley,0.00,88,25,1,0.04,0.04,0.00,26,1,0,eng ENG,3,"2,295",0.75,28,1,0
123,0,0.16,DF,26,3,Shkodran Mustafi,0.16,Arsenal,0.12,84,25,2,0.24,0.24,0.12,27,6,0,de GER,1,"2,273",1.03,25,6,0
124,0,0.16,MF,23,1,Jonjo Shelvey,0.16,Newcastle United,0.04,76,25,5,0.20,0.36,0.04,30,3,2,eng ENG,3,"2,270",0.91,25,9,0
125,0,0.16,DF,26,2,Jonny Evans,0.16,West Bromwich Albion,0.08,81,26,2,0.28,0.20,0.08,28,7,0,nir NIR,2,"2,270",1.03,29,5,0
126,3,0.48,"MF,FW",35,10,Wayne Rooney,0.36,Everton,0.40,73,27,4,0.20,0.71,0.28,31,5,0,eng ENG,2,"2,268",1.39,31,18,6
127,0,0.28,MF,19,4,Gylfi Sigurðsson,0.28,Everton,0.16,84,25,2,0.08,0.48,0.16,27,2,0,is ISL,3,"2,259",0.76,27,12,0
128,0,0.28,DF,19,5,Nacho Monreal,0.28,Arsenal,0.20,80,26,2,0.12,0.32,0.20,28,3,0,es ESP,2,"2,243",0.76,31,8,0
129,1,0.32,FW,48,3,Christian Benteke,0.28,Crystal Palace,0.12,72,24,7,0.24,0.84,0.08,31,6,0,be BEL,5,"2,240",1.93,26,21,2
130,0,0.08,MF,33,0,Lewis Cook,0.08,Bournemouth,0.00,77,25,4,0.20,0.08,0.00,29,5,0,eng ENG,2,"2,237",1.33,20,2,0
131,0,0.00,DF,16,0,Gaëtan Bong,0.00,Brighton & Hove Albion,0.00,89,25,0,0.08,0.04,0.00,25,2,0,cm CMR,0,"2,236",0.64,29,1,0
132,0,0.08,DF,14,2,Laurent Koscielny,0.08,Arsenal,0.08,89,25,0,0.16,0.08,0.08,25,4,0,fr FRA,0,"2,225",0.57,31,2,0
133,0,0.08,MF,14,1,Darren Fletcher,0.08,Stoke City,0.04,82,25,2,0.00,0.08,0.04,27,0,0,sco SCO,1,"2,219",0.57,33,2,0
134,0,0.00,DF,32,0,Adrian Mariappa,0.00,Watford,0.00,79,24,4,0.16,0.08,0.00,28,4,0,jm JAM,0,"2,210",1.30,30,2,0
135,2,0.74,FW,28,14,Alexandre Lacazette,0.65,Arsenal,0.57,69,26,6,0.04,1.43,0.49,32,1,0,fr FRA,4,"2,202",1.14,26,35,2
136,4,0.49,FW,60,12,Glenn Murray,0.33,Brighton & Hove Albion,0.49,63,25,10,0.37,1.03,0.33,35,9,0,eng ENG,0,"2,192",2.46,33,25,6
137,0,0.70,"MF,FW",24,10,Sadio Mané,0.70,Liverpool,0.41,76,28,1,0.16,1.07,0.41,29,3,1,sn SEN,7,"2,190",0.99,25,26,0
138,0,0.25,DF,18,5,Patrick van Aanholt,0.25,Crystal Palace,0.21,78,25,3,0.29,0.45,0.21,28,7,0,nl NED,1,"2,184",0.74,26,11,0
139,0,0.08,MF,27,1,Jordan Henderson,0.08,Liverpool,0.04,80,25,2,0.04,0.12,0.04,27,1,0,eng ENG,1,"2,171",1.12,27,3,0
140,0,0.37,FW,53,9,Ashley Barnes,0.37,Burnley,0.37,60,21,15,0.42,0.91,0.37,36,10,0,at AUT,0,"2,165",2.20,27,22,0
141,0,0.50,MF,18,4,Mesut Özil,0.50,Arsenal,0.17,83,24,2,0.17,0.58,0.17,26,4,0,de GER,8,"2,163",0.75,28,14,0
142,0,0.67,MF,44,6,Paul Pogba,0.67,Manchester United,0.25,80,25,2,0.25,0.75,0.25,27,5,1,fr FRA,10,"2,148",1.84,24,18,0
143,0,0.25,"MF,DF",32,2,Sead Kolašinac,0.25,Arsenal,0.08,80,25,2,0.13,0.29,0.08,27,3,0,ba BIH,4,"2,147",1.34,24,7,0
144,1,0.13,"MF,FW",29,3,Rajiv van La Parra,0.08,Huddersfield Town,0.13,65,26,7,0.17,0.63,0.08,33,3,1,nl NED,0,"2,137",1.22,26,15,1
145,0,0.00,MF,39,0,Morgan Schneiderlin,0.00,Everton,0.00,71,24,6,0.25,0.00,0.00,30,5,1,fr FRA,0,"2,130",1.65,27,0,0
146,0,0.00,GK,0,0,Heurelho Gomes,0.00,Watford,0.00,89,24,0,0.00,0.00,0.00,24,0,0,br BRA,0,"2,128",0.00,36,0,0
147,0,0.13,DF,15,2,Dejan Lovren,0.13,Liverpool,0.08,73,24,5,0.17,0.17,0.08,29,4,0,hr CRO,1,"2,127",0.63,28,4,0
148,0,0.17,MF,50,2,Tiemoué Bakayoko,0.17,Chelsea,0.08,73,24,5,0.21,0.38,0.08,29,4,1,fr FRA,2,"2,126",2.12,22,9,0
149,0,0.26,"MF,FW",23,3,Victor Moses,0.26,Chelsea,0.13,75,25,3,0.13,0.47,0.13,28,3,0,ng NGA,3,"2,110",0.98,26,11,0
150,0,0.09,"DF,MF",17,0,Florian Lejeune,0.09,Newcastle United,0.00,88,24,0,0.13,0.13,0.00,24,3,0,fr FRA,2,"2,103",0.73,26,3,0
151,0,0.17,MF,14,2,Matt Phillips,0.17,West Bromwich Albion,0.09,70,23,7,0.13,0.34,0.09,30,3,0,sco SCO,2,"2,093",0.60,26,8,0
152,0,0.30,"DF,MF",27,3,Emre Can,0.30,Liverpool,0.13,80,24,2,0.34,0.34,0.13,26,8,0,de GER,4,"2,091",1.16,23,8,0
153,0,0.00,DF,8,0,Andreas Christensen,0.00,Chelsea,0.00,77,23,4,0.00,0.04,0.00,27,0,0,dk DEN,0,"2,086",0.35,21,1,0
154,0,0.00,DF,17,0,Gary Cahill,0.00,Chelsea,0.00,77,24,3,0.09,0.13,0.00,27,1,1,eng ENG,0,"2,086",0.73,31,3,0
155,0,0.17,DF,23,1,Adam Smith,0.17,Bournemouth,0.04,77,22,5,0.26,0.13,0.04,27,6,0,eng ENG,3,"2,071",1.00,26,3,0
156,0,0.00,"DF,MF",8,0,Phil Jagielka,0.00,Everton,0.00,83,23,2,0.09,0.09,0.00,25,2,0,eng ENG,0,"2,065",0.35,34,2,0
157,0,0.74,FW,41,11,Álvaro Morata,0.74,Chelsea,0.48,67,24,7,0.31,1.48,0.48,31,7,0,es ESP,6,"2,061",1.79,24,34,0
158,0,0.09,DF,19,2,Maya Yoshida,0.09,Southampton,0.09,86,23,1,0.18,0.18,0.09,24,3,1,jp JPN,0,"2,051",0.83,28,4,0
159,0,0.18,MF,10,3,Sam Clucas,0.18,Swansea City,0.13,71,23,6,0.09,0.31,0.13,29,2,0,eng ENG,1,"2,044",0.44,26,7,0
160,0,0.48,MF,9,5,Manuel Lanzini,0.48,West Ham United,0.22,76,23,4,0.18,0.79,0.22,27,4,0,ar ARG,6,"2,042",0.40,24,18,1
161,0,0.09,MF,44,2,Mohamed Diamé,0.09,Newcastle United,0.09,66,23,8,0.13,0.26,0.09,31,3,0,sn SEN,0,"2,041",1.94,30,6,0
162,0,0.00,DF,19,0,Bruno,0.00,Brighton & Hove Albion,0.00,81,23,2,0.13,0.04,0.00,25,3,0,es ESP,0,"2,016",0.85,36,1,0
163,0,0.36,MF,6,5,Ryan Fraser,0.36,Bournemouth,0.22,77,23,3,0.00,0.54,0.22,26,0,0,sco SCO,3,"2,004",0.27,23,12,0
164,0,0.09,MF,13,1,Steven Defour,0.09,Burnley,0.05,83,24,0,0.27,0.32,0.05,24,6,0,be BEL,1,"1,997",0.59,29,7,0
165,0,0.05,"MF,DF",19,1,Joël Matip,0.05,Liverpool,0.05,80,22,3,0.14,0.09,0.05,25,3,0,cm CMR,0,"1,997",0.86,25,2,0
166,0,0.36,"MF,FW",10,2,Jordon Ibe,0.36,Bournemouth,0.09,62,22,10,0.05,0.77,0.09,32,1,0,eng ENG,6,"1,995",0.45,21,17,0
167,0,0.36,FW,20,5,José Izquierdo,0.36,Brighton & Hove Albion,0.23,62,23,9,0.09,0.73,0.23,32,2,0,co COL,3,"1,984",0.91,25,16,0
168,0,0.45,FW,37,8,Callum Wilson,0.45,Bournemouth,0.36,71,23,5,0.00,0.86,0.36,28,0,0,eng ENG,2,"1,981",1.68,25,19,0
169,0,0.09,DF,13,2,Jack Stephens,0.09,Southampton,0.09,90,22,0,0.32,0.18,0.09,22,6,1,eng ENG,0,"1,980",0.59,23,4,0
170,0,0.00,"MF,DF",10,0,Phil Jones,0.00,Manchester United,0.00,86,23,0,0.09,0.00,0.00,23,2,0,eng ENG,0,"1,973",0.46,25,0,0
171,4,1.24,FW,10,21,Sergio Agüero,1.05,Manchester City,0.96,79,22,3,0.09,1.93,0.78,25,2,0,ar ARG,6,"1,963",0.46,29,42,4
172,0,0.41,FW,23,6,Dwight Gayle,0.41,Newcastle United,0.28,56,23,12,0.14,0.97,0.28,35,3,0,eng ENG,3,"1,958",1.06,26,21,0
173,0,0.14,"DF,MF",38,2,Dan Gosling,0.14,Bournemouth,0.09,70,21,7,0.37,0.37,0.09,28,8,0,eng ENG,1,"1,947",1.76,27,8,0
174,0,0.19,MF,19,1,Nathan Redmond,0.19,Southampton,0.05,63,22,9,0.14,0.69,0.05,31,3,0,eng ENG,3,"1,945",0.88,23,15,0
175,0,0.05,DF,22,1,Mike van der Hoorn,0.05,Swansea City,0.05,81,24,0,0.19,0.23,0.05,24,4,0,nl NED,0,"1,944",1.02,24,5,0
176,0,0.28,DF,15,1,Andrew Robertson,0.28,Liverpool,0.05,88,22,0,0.09,0.09,0.05,22,2,0,sco SCO,5,"1,940",0.70,23,2,0
177,0,0.09,MF,28,1,Gareth Barry,0.09,West Bromwich Albion,0.05,77,22,3,0.19,0.28,0.05,25,4,0,eng ENG,1,"1,923",1.31,36,6,0
178,0,0.37,"FW,MF",12,3,Juan Mata,0.37,Manchester United,0.14,69,23,5,0.05,0.52,0.14,28,1,0,es ESP,5,"1,922",0.56,29,11,0
179,0,0.05,"MF,DF",12,0,Christian Fuchs,0.05,Leicester City,0.00,77,21,4,0.05,0.00,0.00,25,1,0,at AUT,1,"1,921",0.56,31,0,0
180,0,0.33,MF,15,0,Chris Brunt,0.33,West Bromwich Albion,0.00,74,22,4,0.23,0.23,0.00,26,5,0,nir NIR,7,"1,920",0.70,32,5,0
181,0,0.24,DF,18,0,Kieran Trippier,0.24,Tottenham Hotspur,0.00,80,21,3,0.05,0.05,0.00,24,1,0,eng ENG,5,"1,914",0.85,26,1,0
182,2,0.24,DF,7,2,Leighton Baines,0.14,Everton,0.09,87,22,0,0.05,0.19,0.00,22,1,0,eng ENG,3,"1,909",0.33,32,4,2
183,0,0.05,DF,21,0,Tommy Smith,0.05,Huddersfield Town,0.00,79,21,3,0.33,0.09,0.00,24,7,0,eng ENG,1,"1,904",0.99,25,2,0
184,0,0.14,MF,32,1,Tom Cleverley,0.14,Watford,0.05,83,22,1,0.14,0.14,0.05,23,2,1,eng ENG,2,"1,902",1.51,27,3,1
185,0,0.09,DF,14,0,Joe Gomez,0.09,Liverpool,0.00,83,21,2,0.14,0.00,0.00,23,3,0,eng ENG,2,"1,902",0.66,20,0,0
186,0,0.14,MF,38,2,Tom Davies,0.14,Everton,0.09,58,20,13,0.33,0.14,0.09,33,7,0,eng ENG,1,"1,900",1.80,19,3,0
187,1,0.62,MF,11,6,Willian,0.57,Chelsea,0.29,53,20,16,0.05,1.19,0.24,36,1,0,br BRA,7,"1,890",0.52,28,25,1
188,0,0.48,MF,42,4,Dominic Calvert-Lewin,0.48,Everton,0.19,59,18,14,0.19,0.81,0.19,32,4,0,eng ENG,6,"1,882",2.01,20,17,0
189,0,0.00,MF,46,0,Mousa Dembélé,0.00,Tottenham Hotspur,0.00,67,21,7,0.29,0.14,0.00,28,6,0,be BEL,0,"1,879",2.20,30,3,0
190,0,0.24,MF,17,2,Ruben Loftus-Cheek,0.24,Crystal Palace,0.10,78,21,3,0.05,0.34,0.10,24,1,0,eng ENG,3,"1,874",0.82,21,7,0
191,0,0.14,DF,30,0,Arthur Masuaku,0.14,West Ham United,0.00,69,21,6,0.24,0.14,0.00,27,5,0,fr FRA,3,"1,870",1.44,23,3,0
192,0,0.19,MF,11,2,Ki Sung-yueng,0.19,Swansea City,0.10,75,21,4,0.10,0.29,0.10,25,2,0,kr KOR,2,"1,868",0.53,28,6,0
193,0,0.34,MF,9,2,Andrew Surman,0.34,Bournemouth,0.10,74,20,5,0.10,0.29,0.10,25,2,0,eng ENG,5,"1,856",0.44,30,6,0
194,0,0.39,FW,28,7,Steve Mounié,0.39,Huddersfield Town,0.34,66,21,7,0.10,1.07,0.34,28,2,0,bj BEN,1,"1,855",1.36,22,22,0
195,0,0.10,DF,13,0,Ben Chilwell,0.10,Leicester City,0.00,77,20,4,0.15,0.05,0.00,24,2,1,eng ENG,2,"1,853",0.63,20,1,0
196,0,0.10,MF,29,1,Solly March,0.10,Brighton & Hove Albion,0.05,51,18,18,0.15,0.44,0.05,36,3,0,eng ENG,1,"1,851",1.41,23,9,0
197,0,0.73,MF,28,7,Aaron Ramsey,0.73,Arsenal,0.34,77,21,3,0.00,1.22,0.34,24,0,0,wal WAL,8,"1,846",1.37,26,25,0
198,3,0.34,FW,24,5,Troy Deeney,0.20,Watford,0.24,64,20,9,0.10,0.73,0.10,29,1,1,eng ENG,2,"1,844",1.17,29,15,5
199,0,0.05,DF,25,1,Ashley Williams,0.05,Everton,0.05,76,20,4,0.20,0.15,0.05,24,3,1,wal WAL,0,"1,834",1.23,32,3,0
200,0,0.10,"DF,MF",26,0,Cuco Martina,0.10,Everton,0.00,87,20,1,0.10,0.05,0.00,21,2,0,cw CUW,2,"1,830",1.28,27,1,0
201,0,0.39,FW,11,3,Alex Iwobi,0.39,Arsenal,0.15,70,22,4,0.05,1.13,0.15,26,1,0,ng NGA,5,"1,830",0.54,21,23,0
202,0,0.15,DF,14,3,Daryl Janmaat,0.15,Watford,0.15,79,21,2,0.15,0.49,0.15,23,3,0,nl NED,0,"1,820",0.69,28,10,0
203,0,0.35,FW,28,6,Laurent Depoitre,0.35,Huddersfield Town,0.30,55,18,15,0.05,0.59,0.30,33,1,0,be BEL,1,"1,820",1.38,28,12,0
204,0,0.64,"FW,MF",34,8,Jesse Lingard,0.64,Manchester United,0.40,55,20,13,0.10,1.14,0.40,33,2,0,eng ENG,5,"1,817",1.68,24,23,0
205,0,0.60,FW,21,7,Marcus Rashford,0.60,Manchester United,0.35,52,17,18,0.15,1.04,0.35,35,3,0,eng ENG,5,"1,813",1.04,19,21,0
206,0,0.00,GK,0,0,Fraser Forster,0.00,Southampton,0.00,90,20,0,0.00,0.00,0.00,20,0,0,eng ENG,0,"1,800",0.00,29,0,0
207,0,0.20,"MF,FW",10,2,Christian Atsu,0.20,Newcastle United,0.10,64,19,9,0.05,0.61,0.10,28,1,0,gh GHA,2,"1,784",0.50,25,12,0
208,0,0.15,MF,29,0,James Milner,0.15,Liverpool,0.00,56,16,16,0.15,0.25,0.00,32,3,0,eng ENG,3,"1,775",1.47,31,5,0
209,0,0.05,DF,22,0,Javier Manquillo,0.05,Newcastle United,0.00,84,20,1,0.10,0.00,0.00,21,2,0,es ESP,1,"1,758",1.13,23,0,0
210,0,0.15,"MF,DF",17,2,Ciaran Clark,0.15,Newcastle United,0.10,87,19,1,0.15,0.15,0.10,20,3,0,ie IRL,1,"1,746",0.88,27,3,0
211,0,0.05,"DF,FW,MF",18,0,Jeffrey Schlupp,0.05,Crystal Palace,0.00,73,21,3,0.15,0.10,0.00,24,3,0,gh GHA,1,"1,745",0.93,24,2,0
212,0,0.16,MF,15,1,Fabian Delph,0.16,Manchester City,0.05,79,21,1,0.10,0.16,0.05,22,2,0,eng ENG,2,"1,741",0.78,27,3,0
213,0,0.31,FW,15,5,Tammy Abraham,0.31,Swansea City,0.26,56,15,16,0.00,0.78,0.26,31,0,0,eng ENG,1,"1,726",0.78,19,15,0
214,0,0.10,"DF,MF",28,1,Mario Lemina,0.10,Southampton,0.05,69,20,5,0.10,0.26,0.05,25,2,0,ga GAB,1,"1,720",1.47,23,5,0
215,0,0.31,MF,18,3,James Ward-Prowse,0.31,Southampton,0.16,57,20,10,0.16,0.73,0.16,30,3,0,eng ENG,3,"1,716",0.94,22,14,0
216,0,0.11,"MF,FW",7,1,Kiko Femenía,0.11,Watford,0.05,75,19,4,0.11,0.16,0.05,23,2,0,es ESP,1,"1,713",0.37,26,3,0
217,0,0.26,FW,30,4,Joselu,0.26,Newcastle United,0.21,57,19,11,0.11,0.89,0.21,30,2,0,es ESP,1,"1,712",1.58,27,17,1
218,0,0.00,GK,2,0,Loris Karius,0.00,Liverpool,0.00,90,19,0,0.05,0.00,0.00,19,1,0,de GER,0,"1,710",0.11,24,0,0
219,0,0.05,GK,0,0,Joe Hart,0.05,West Ham United,0.00,90,19,0,0.00,0.00,0.00,19,0,0,eng ENG,1,"1,710",0.00,30,0,0
220,0,0.00,GK,2,0,Simon Mignolet,0.00,Liverpool,0.00,90,19,0,0.16,0.00,0.00,19,3,0,be BEL,0,"1,710",0.11,29,0,0
221,0,0.00,GK,0,0,Adrián,0.00,West Ham United,0.00,90,19,0,0.11,0.00,0.00,19,2,0,es ESP,0,"1,710",0.00,30,0,0
222,0,0.21,MF,7,3,Demarai Gray,0.21,Leicester City,0.16,49,17,18,0.11,0.48,0.16,35,2,0,eng ENG,1,"1,697",0.37,21,9,0
223,0,0.05,DF,17,0,Florent Hadergjonaj,0.05,Huddersfield Town,0.00,73,19,4,0.16,0.11,0.00,23,3,0,ch SUI,1,"1,674",0.91,23,2,0
224,0,0.00,MF,32,0,Pierre Højbjerg,0.00,Southampton,0.00,73,19,4,0.32,0.32,0.00,23,6,0,dk DEN,0,"1,670",1.72,21,6,0
225,0,0.86,FW,28,13,Gabriel Jesus,0.86,Manchester City,0.70,58,19,10,0.32,1.67,0.70,29,6,0,br BRA,3,"1,668",1.51,20,31,2
226,0,0.11,MF,31,0,Grzegorz Krychowiak,0.11,West Bromwich Albion,0.00,61,20,7,0.11,0.16,0.00,27,2,0,pl POL,2,"1,641",1.70,27,3,0
227,0,0.61,FW,18,10,Chris Wood,0.61,Burnley,0.55,68,20,4,0.06,1.33,0.55,24,1,0,nz NZL,1,"1,624",1.00,25,24,0
228,0,0.39,MF,18,5,Roberto Pereyra,0.39,Watford,0.28,51,18,14,0.17,0.72,0.28,32,3,0,ar ARG,2,"1,624",1.00,26,13,0
229,0,0.00,GK,0,0,Alex McCarthy,0.00,Southampton,0.00,90,18,0,0.11,0.00,0.00,18,2,0,eng ENG,0,"1,620",0.00,27,0,0
230,0,0.06,"DF,MF",25,0,Joel Ward,0.06,Crystal Palace,0.00,85,19,0,0.22,0.06,0.00,19,4,0,eng ENG,1,"1,613",1.39,27,1,0
231,0,0.00,DF,8,0,Paul Dummett,0.00,Newcastle United,0.00,80,19,1,0.06,0.00,0.00,20,1,0,wal WAL,0,"1,602",0.45,25,0,0
232,0,0.17,DF,3,1,Mamadou Sakho,0.17,Crystal Palace,0.06,84,18,1,0.06,0.06,0.06,19,1,0,fr FRA,2,"1,600",0.17,27,1,0
233,0,0.00,DF,18,0,Timothy Fosu-Mensah,0.00,Crystal Palace,0.00,76,17,4,0.11,0.00,0.00,21,2,0,nl NED,0,"1,596",1.02,19,0,0
234,0,0.06,"FW,DF",17,0,Jonjoe Kenny,0.06,Everton,0.00,84,17,2,0.11,0.06,0.00,19,2,0,eng ENG,1,"1,590",0.96,20,1,0
235,0,0.00,"MF,DF",13,0,Chris Löwe,0.00,Huddersfield Town,0.00,69,19,4,0.06,0.11,0.00,23,1,0,"de GER,tr TUR",0,"1,588",0.74,28,2,0
236,1,0.80,FW,17,9,Anthony Martial,0.74,Manchester United,0.51,53,18,12,0.06,0.91,0.46,30,1,0,fr FRA,5,"1,582",0.97,21,16,1
237,0,0.17,FW,34,2,Shane Long,0.17,Southampton,0.11,53,15,15,0.34,0.74,0.11,30,6,0,ie IRL,1,"1,582",1.93,30,13,0
238,0,0.11,"DF,MF",12,1,Trent Alexander-Arnold,0.11,Liverpool,0.06,83,18,1,0.17,0.29,0.06,19,3,0,eng ENG,1,"1,573",0.69,18,5,0
239,0,0.00,"DF,MF",21,0,Sebastian Prödl,0.00,Watford,0.00,75,17,4,0.29,0.06,0.00,21,5,0,at AUT,0,"1,570",1.20,30,1,0
240,0,0.40,FW,40,5,Peter Crouch,0.40,Stoke City,0.29,51,14,17,0.23,0.52,0.29,31,4,0,eng ENG,2,"1,567",2.30,36,9,0
241,0,0.12,MF,27,2,Pedro Obiang,0.12,West Ham United,0.12,74,18,3,0.17,0.29,0.12,21,3,0,es ESP,0,"1,563",1.55,25,5,0
242,0,0.47,FW,15,8,Javier Hernández,0.47,West Ham United,0.47,55,16,12,0.17,0.93,0.47,28,3,0,mx MEX,0,"1,548",0.87,29,16,0
243,0,0.06,MF,21,1,Étienne Capoue,0.06,Watford,0.06,67,18,5,0.18,0.18,0.06,23,3,0,fr FRA,0,"1,542",1.23,29,3,0
244,0,0.18,"FW,MF",14,1,André Carrillo,0.18,Watford,0.06,55,16,12,0.12,0.18,0.06,28,2,0,pe PER,2,"1,540",0.82,26,3,0
245,0,0.59,"MF,FW",9,6,Bernardo Silva,0.59,Manchester City,0.35,44,15,20,0.00,0.82,0.35,35,0,0,pt POR,4,"1,533",0.53,22,14,0
246,0,0.00,"MF,DF",16,0,Geoff Cameron,0.00,Stoke City,0.00,76,17,3,0.12,0.00,0.00,20,2,0,us USA,0,"1,525",0.94,32,0,0
247,0,0.35,"MF,FW",8,4,Pedro,0.35,Chelsea,0.24,49,17,14,0.06,1.18,0.24,31,1,0,es ESP,2,"1,523",0.47,30,20,0
248,0,0.18,MF,8,3,Steven Davis,0.18,Southampton,0.18,66,17,6,0.00,0.24,0.18,23,0,0,nir NIR,0,"1,521",0.47,32,4,0
249,1,0.30,MF,14,4,İlkay Gündoğan,0.24,Manchester City,0.24,51,15,15,0.18,0.65,0.18,30,3,0,de GER,1,"1,517",0.83,26,11,1
250,0,0.42,FW,11,5,Andre Gray,0.42,Watford,0.30,48,16,15,0.06,0.78,0.30,31,1,0,eng ENG,2,"1,498",0.66,26,13,0
251,0,0.60,MF,14,3,Alex Oxlade-Chamberlain,0.60,Liverpool,0.18,47,14,18,0.18,0.78,0.18,32,3,0,eng ENG,7,"1,493",0.84,23,13,0
252,0,0.00,DF,14,0,Winston Reid,0.00,West Ham United,0.00,85,17,0,0.31,0.00,0.00,17,5,0,nz NZL,0,"1,452",0.87,29,0,0
253,0,0.06,DF,7,1,Ragnar Klavan,0.06,Liverpool,0.06,76,16,3,0.00,0.06,0.06,19,0,0,ee EST,0,"1,451",0.43,31,1,0
254,0,0.19,DF,15,1,Kevin Long,0.19,Burnley,0.06,90,16,0,0.06,0.12,0.06,16,1,0,ie IRL,2,"1,440",0.94,26,2,0
255,0,0.00,GK,0,0,Rob Elliot,0.00,Newcastle United,0.00,90,16,0,0.00,0.00,0.00,16,0,0,ie IRL,0,"1,440",0.00,31,0,0
256,0,0.06,DF,12,1,Scott Dann,0.06,Crystal Palace,0.06,84,16,1,0.25,0.31,0.06,17,4,0,eng ENG,0,"1,435",0.75,30,5,0
257,0,0.00,DF,5,0,Declan Rice,0.00,West Ham United,0.00,55,15,11,0.06,0.00,0.00,26,1,0,ie IRL,0,"1,430",0.31,18,0,0
258,0,0.25,DF,21,2,Serge Aurier,0.25,Tottenham Hotspur,0.13,84,16,1,0.19,0.38,0.13,17,2,1,ci CIV,2,"1,429",1.32,24,6,0
259,0,0.19,MF,18,3,Vicente Iborra,0.19,Leicester City,0.19,74,17,2,0.00,0.26,0.19,19,0,0,es ESP,0,"1,410",1.15,29,4,0
260,0,0.06,MF,35,1,James McClean,0.06,West Bromwich Albion,0.06,47,14,16,0.45,0.38,0.06,30,7,0,ie IRL,0,"1,406",2.24,28,6,0
261,0,0.13,MF,28,1,Leroy Fer,0.13,Swansea City,0.06,70,15,5,0.32,0.19,0.06,20,5,0,nl NED,1,"1,397",1.80,27,3,0
262,0,0.13,DF,18,1,Vincent Kompany,0.13,Manchester City,0.06,82,17,0,0.39,0.13,0.06,17,6,0,be BEL,1,"1,394",1.16,31,2,0
263,0,0.13,MF,23,1,Moussa Sissoko,0.13,Tottenham Hotspur,0.06,43,15,17,0.19,0.52,0.06,32,3,0,fr FRA,1,"1,386",1.49,27,8,0
264,0,0.07,DF,30,1,Isaac Hayden,0.07,Newcastle United,0.07,53,15,11,0.46,0.59,0.07,26,7,0,eng ENG,0,"1,374",1.97,22,9,0
265,0,0.27,"FW,MF",17,3,Michail Antonio,0.27,West Ham United,0.20,65,16,5,0.07,1.00,0.20,21,1,0,eng ENG,1,"1,354",1.13,27,15,0
266,0,0.33,"DF,MF",12,3,Danilo,0.33,Manchester City,0.20,59,13,10,0.13,0.47,0.20,23,2,0,br BRA,2,"1,349",0.80,26,7,0
267,0,0.13,MF,30,1,Mikel Merino,0.13,Newcastle United,0.07,56,14,10,0.27,0.40,0.07,24,4,0,es ESP,1,"1,347",2.00,21,6,0
268,0,0.20,MF,21,2,Scott Arfield,0.20,Burnley,0.14,74,15,3,0.20,0.47,0.14,18,3,0,ca CAN,1,"1,333",1.42,28,7,0
269,0,0.14,FW,20,1,Elias Kachunga,0.14,Huddersfield Town,0.07,70,17,2,0.07,0.34,0.07,19,1,0,de GER,1,"1,329",1.35,25,5,0
270,0,0.54,FW,20,6,Shinji Okazaki,0.54,Leicester City,0.41,49,17,10,0.14,1.09,0.41,27,2,0,jp JPN,2,"1,324",1.36,31,16,0
271,0,0.00,DF,20,0,Kevin Wimmer,0.00,Stoke City,0.00,78,14,3,0.34,0.00,0.00,17,5,0,at AUT,0,"1,323",1.36,24,0,0
272,0,0.00,"MF,DF",8,0,Ezequiel Schelotto,0.00,Brighton & Hove Albion,0.00,66,15,5,0.20,0.14,0.00,20,3,0,it ITA,0,"1,318",0.55,28,2,0
273,0,0.00,"FW,MF",17,0,Nathan Dyer,0.00,Swansea City,0.00,55,16,8,0.14,0.14,0.00,24,2,0,eng ENG,0,"1,307",1.17,29,2,0
274,0,0.00,DF,19,0,Moritz Bauer,0.00,Stoke City,0.00,87,15,0,0.28,0.07,0.00,15,4,0,ch SUI,0,"1,306",1.31,25,1,0
275,0,0.00,DF,6,0,John Stones,0.00,Manchester City,0.00,72,16,2,0.00,0.28,0.00,18,0,0,eng ENG,0,"1,302",0.41,23,4,0
276,0,0.00,GK,0,0,Orestis Karnezis,0.00,Watford,0.00,86,14,1,0.00,0.00,0.00,15,0,0,gr GRE,0,"1,292",0.00,32,0,0
277,1,0.49,MF,6,5,Junior Stanislas,0.42,Bournemouth,0.35,68,17,2,0.07,1.40,0.28,19,1,0,eng ENG,2,"1,286",0.42,27,20,1
278,0,0.00,DF,10,0,Victor Lindelöf,0.00,Manchester United,0.00,76,13,4,0.07,0.00,0.00,17,1,0,se SWE,0,"1,285",0.70,23,0,0
279,0,0.28,FW,14,0,Collin Quaner,0.28,Huddersfield Town,0.00,49,13,13,0.28,0.28,0.00,26,4,0,de GER,4,"1,280",0.98,26,4,0
280,0,0.21,"FW,MF",20,1,Robbie Brady,0.21,Burnley,0.07,85,15,0,0.21,0.42,0.07,15,3,0,ie IRL,2,"1,277",1.41,25,6,0
281,0,0.14,MF,27,0,Ander Herrera,0.14,Manchester United,0.00,49,13,13,0.35,0.07,0.00,26,5,0,es ESP,2,"1,268",1.92,27,1,0
282,0,0.00,"DF,MF",8,0,Alberto Moreno,0.00,Liverpool,0.00,79,14,2,0.07,0.14,0.00,16,1,0,es ESP,0,"1,266",0.57,25,2,0
283,0,0.00,DF,12,0,Bruno Martins Indi,0.00,Stoke City,0.00,73,14,3,0.22,0.07,0.00,17,3,0,nl NED,0,"1,243",0.87,25,1,0
284,0,0.15,MF,14,2,Ramadan Sobhi,0.15,Stoke City,0.15,52,12,12,0.15,0.44,0.15,24,2,0,eg EGY,0,"1,238",1.02,20,6,0
285,0,0.30,MF,27,2,Sofiane Boufal,0.30,Southampton,0.15,47,11,15,0.07,0.44,0.15,26,1,0,ma MAR,2,"1,219",1.99,23,6,0
286,0,0.00,"MF,DF",8,0,Martin Kelly,0.00,Crystal Palace,0.00,80,12,3,0.08,0.15,0.00,15,1,0,eng ENG,0,"1,195",0.60,27,2,0
287,0,0.53,"FW,MF",13,5,Danny Welbeck,0.53,Arsenal,0.38,43,12,16,0.08,0.98,0.38,28,1,0,eng ENG,2,"1,194",0.98,26,13,0
288,0,0.30,MF,15,1,Jack Wilshere,0.30,Arsenal,0.08,60,12,8,0.45,0.38,0.08,20,6,0,eng ENG,3,"1,193",1.13,25,5,0
289,0,0.00,DF,12,0,Mason Holgate,0.00,Everton,0.00,79,13,2,0.23,0.15,0.00,15,3,0,eng ENG,0,"1,184",0.91,20,2,0
290,0,0.00,"GK,DF",5,0,Markus Suttner,0.00,Brighton & Hove Albion,0.00,84,13,1,0.00,0.00,0.00,14,0,0,at AUT,0,"1,179",0.38,30,0,0
291,0,0.00,DF,8,0,Toby Alderweireld,0.00,Tottenham Hotspur,0.00,84,13,1,0.23,0.08,0.00,14,3,0,be BEL,0,"1,178",0.61,28,1,0
292,0,0.47,"MF,FW",6,3,Theo Walcott,0.47,Everton,0.23,82,13,1,0.16,0.70,0.23,14,2,0,eng ENG,3,"1,152",0.47,28,9,0
293,0,0.16,FW,8,1,Jacob Murphy,0.16,Newcastle United,0.08,46,13,12,0.00,0.55,0.08,25,0,0,eng ENG,1,"1,148",0.63,22,7,0
294,0,0.24,MF,24,2,Badou Ndiaye,0.24,Stoke City,0.16,88,13,0,0.40,0.47,0.16,13,5,0,sn SEN,1,"1,138",1.90,26,6,0
295,0,0.00,DF,22,0,Phil Bardsley,0.00,Burnley,0.00,87,13,0,0.40,0.16,0.00,13,5,0,sco SCO,0,"1,125",1.76,32,2,0
296,0,0.00,"DF,MF",17,0,Danny Williams,0.00,Huddersfield Town,0.00,56,11,9,0.16,0.16,0.00,20,2,0,us USA,0,"1,124",1.36,28,2,0
297,0,0.08,"MF,DF",19,0,Scott Malone,0.08,Huddersfield Town,0.00,51,12,10,0.24,0.16,0.00,22,3,0,eng ENG,1,"1,119",1.53,26,2,0
298,0,0.08,MF,13,0,Ashley Westwood,0.08,Burnley,0.00,59,12,7,0.16,0.08,0.00,19,2,0,eng ENG,1,"1,111",1.05,27,1,0
299,0,1.06,"FW,MF",5,7,Philippe Coutinho,1.06,Liverpool,0.57,79,13,1,0.00,1.38,0.57,14,0,0,br BRA,6,"1,109",0.41,25,17,0
300,0,0.16,DF,7,1,Davide Zappacosta,0.16,Chelsea,0.08,50,12,10,0.00,0.90,0.08,22,0,0,it ITA,1,"1,098",0.57,25,11,0
301,0,0.41,FW,12,4,Jermain Defoe,0.41,Bournemouth,0.33,45,11,13,0.08,1.24,0.33,24,1,0,eng ENG,1,"1,088",0.99,34,15,0
302,0,0.83,"MF,FW",30,8,Oumar Niasse,0.83,Everton,0.66,49,10,12,0.17,1.49,0.66,22,2,0,sn SEN,2,"1,087",2.48,27,18,0
303,1,0.42,FW,14,5,Manolo Gabbiadini,0.33,Southampton,0.42,39,11,17,0.17,0.83,0.33,28,2,0,it ITA,0,"1,081",1.17,25,10,1
304,0,0.00,GK,0,0,Martin Dúbravka,0.00,Newcastle United,0.00,90,12,0,0.00,0.00,0.00,12,0,0,sk SVK,0,"1,080",0.00,28,0,0
305,1,1.19,"FW,MF",1,10,Pierre-Emerick Aubameyang,1.11,Arsenal,0.85,81,12,1,0.00,1.62,0.77,13,0,0,ga GAB,4,"1,057",0.09,28,19,2
306,0,0.09,DF,13,1,James Collins,0.09,West Ham United,0.09,81,12,1,0.26,0.09,0.09,13,3,0,wal WAL,0,"1,050",1.11,33,1,0
307,0,0.00,DF,5,0,Terence Kongolo,0.00,Huddersfield Town,0.00,81,11,2,0.00,0.00,0.00,13,0,0,nl NED,0,"1,049",0.43,23,0,0
308,0,0.43,"MF,FW",10,2,Alexis Sánchez,0.43,Manchester United,0.17,87,12,0,0.09,0.78,0.17,12,1,0,cl CHI,3,"1,043",0.86,28,9,1
309,1,0.61,FW,16,7,Charlie Austin,0.52,Southampton,0.61,43,10,14,0.17,2.17,0.52,24,2,0,eng ENG,0,"1,037",1.39,28,25,1
310,0,0.09,"DF,MF",3,0,Séamus Coleman,0.09,Everton,0.00,86,12,0,0.00,0.17,0.00,12,0,0,ie IRL,1,"1,035",0.26,28,2,0
311,0,0.35,"MF,FW",15,2,Kenedy,0.35,Newcastle United,0.18,79,13,0,0.09,0.35,0.18,13,1,0,br BRA,2,"1,023",1.32,21,4,0
312,0,0.26,MF,14,2,João Mário,0.26,West Ham United,0.18,79,12,1,0.00,0.35,0.18,13,0,0,pt POR,1,"1,022",1.23,24,4,0
313,0,0.09,DF,10,1,Eric Bailly,0.09,Manchester United,0.09,77,11,2,0.18,0.09,0.09,13,2,0,ci CIV,0,"1,001",0.90,23,1,0
314,0,0.45,FW,20,4,Sam Vokes,0.45,Burnley,0.36,33,7,23,0.27,0.72,0.36,30,3,0,wal WAL,1,998,1.80,27,8,0
315,0,0.18,MF,5,1,Alex Pritchard,0.18,Huddersfield Town,0.09,71,12,2,0.09,0.36,0.09,14,1,0,eng ENG,1,998,0.45,24,4,0
316,0,0.09,"FW,MF",17,0,Marvin Zeegelaar,0.09,Watford,0.00,83,12,0,0.45,0.00,0.00,12,4,1,nl NED,1,994,1.54,26,0,0
317,0,0.00,DF,6,0,Virgil van Dijk,0.00,Southampton,0.00,83,11,1,0.00,0.00,0.00,12,0,0,nl NED,0,994,0.54,26,0,0
318,0,0.00,MF,21,0,Matty James,0.00,Leicester City,0.00,76,11,2,0.18,0.18,0.00,13,2,0,eng ENG,0,993,1.90,26,2,0
319,0,0.00,GK,0,0,Julián Speroni,0.00,Crystal Palace,0.00,90,11,0,0.00,0.00,0.00,11,0,0,ar ARG,0,990,0.00,38,0,0
320,0,0.45,MF,19,2,Will Hughes,0.45,Watford,0.18,66,11,4,0.00,0.36,0.18,15,0,0,eng ENG,3,990,1.73,22,4,0
321,0,0.46,FW,25,5,Cenk Tosun,0.46,Everton,0.46,70,12,2,0.00,0.73,0.46,14,0,0,tr TUR,0,986,2.28,26,8,0
322,0,0.00,"MF,FW",7,0,Marc Pugh,0.00,Bournemouth,0.00,49,11,9,0.18,0.46,0.00,20,2,0,eng ENG,0,985,0.64,30,5,0
323,0,0.09,MF,9,1,Harry Arter,0.09,Bournemouth,0.09,74,11,2,0.37,0.09,0.09,13,4,0,ie IRL,0,960,0.84,27,1,0
324,0,0.19,"FW,MF",17,0,André Ayew,0.19,Swansea City,0.00,79,10,2,0.28,0.66,0.00,12,3,0,gh GHA,2,950,1.61,27,7,0
325,0,0.00,DF,7,0,Charlie Taylor,0.00,Burnley,0.00,86,10,1,0.28,0.00,0.00,11,3,0,eng ENG,0,950,0.66,23,0,0
326,0,0.00,"FW,MF",10,0,Ainsley Maitland-Niles,0.00,Arsenal,0.00,61,8,7,0.10,0.00,0.00,15,1,0,eng ENG,0,914,0.98,19,0,0
327,0,0.00,MF,25,0,Claudio Yacob,0.00,West Bromwich Albion,0.00,56,9,7,0.50,0.10,0.00,16,5,0,ar ARG,0,903,2.49,30,1,0
328,0,0.00,GK,0,0,Karl Darlow,0.00,Newcastle United,0.00,90,10,0,0.00,0.00,0.00,10,0,0,eng ENG,0,900,0.00,26,0,0
329,0,0.10,MF,4,0,Mohamed Elneny,0.10,Arsenal,0.00,67,11,2,0.42,0.10,0.00,13,3,1,eg EGY,1,867,0.42,25,1,0
330,0,0.00,DF,10,0,Calum Chambers,0.00,Arsenal,0.00,72,10,2,0.10,0.31,0.00,12,1,0,eng ENG,0,866,1.04,22,3,0
331,0,0.11,MF,12,1,Yannick Bolasie,0.11,Everton,0.11,53,11,5,0.00,0.74,0.11,16,0,0,cd COD,0,851,1.27,28,7,0
332,0,0.42,FW,10,2,Tomer Hemed,0.42,Brighton & Hove Albion,0.21,53,9,7,0.00,0.74,0.21,16,0,0,il ISR,2,849,1.06,30,7,0
333,0,0.11,MF,13,1,Victor Wanyama,0.11,Tottenham Hotspur,0.11,47,8,10,0.21,0.32,0.11,18,2,0,ke KEN,0,846,1.38,26,3,0
334,0,0.11,MF,5,0,Edimilson Fernandes,0.11,West Ham United,0.00,60,9,5,0.11,0.11,0.00,14,1,0,"ch SUI,pt POR",1,845,0.53,21,1,0
335,0,0.43,"MF,FW",24,2,Érik Lamela,0.43,Tottenham Hotspur,0.21,34,7,18,0.43,0.64,0.21,25,4,0,ar ARG,2,843,2.56,25,6,0
336,0,0.11,"DF,MF",13,1,David Luiz,0.11,Chelsea,0.11,84,9,1,0.54,0.43,0.11,10,4,1,br BRA,0,840,1.39,30,4,0
337,0,0.65,FW,17,3,Kelechi Iheanacho,0.65,Leicester City,0.33,40,7,14,0.22,1.19,0.33,21,2,0,ng NGA,3,830,1.84,20,11,0
338,0,0.22,"MF,FW",20,2,Hal Robson-Kanu,0.22,West Bromwich Albion,0.22,39,8,13,0.33,0.87,0.22,21,2,1,wal WAL,0,827,2.18,28,8,0
339,0,0.00,DF,9,0,Rob Holding,0.00,Arsenal,0.00,69,9,3,0.33,0.00,0.00,12,3,0,eng ENG,0,822,0.99,21,0,0
340,0,0.00,DF,10,0,Aymeric Laporte,0.00,Manchester City,0.00,90,9,0,0.11,0.00,0.00,9,1,0,fr FRA,0,806,1.12,23,0,0
341,0,0.11,"MF,DF",12,0,Danny Rose,0.11,Tottenham Hotspur,0.00,80,9,1,0.45,0.11,0.00,10,4,0,eng ENG,1,800,1.35,27,1,0
342,0,0.11,DF,8,1,Miguel Britos,0.11,Watford,0.11,66,10,2,0.45,0.23,0.11,12,3,1,uy URU,0,797,0.90,32,2,0
343,0,0.68,"FW,MF",14,2,Henrikh Mkhitaryan,0.68,Arsenal,0.23,72,9,2,0.00,1.25,0.23,11,0,0,am ARM,4,794,1.59,28,11,0
344,0,0.00,"FW,MF",9,0,Aaron Lennon,0.00,Everton,0.00,53,9,6,0.00,0.23,0.00,15,0,0,eng ENG,0,793,1.02,30,2,0
345,0,0.00,"DF,MF",4,0,Luke Shaw,0.00,Manchester United,0.00,72,8,3,0.23,0.57,0.00,11,2,0,eng ENG,0,790,0.46,22,5,0
346,0,0.12,MF,8,0,Harry Winks,0.12,Tottenham Hotspur,0.00,48,9,7,0.00,0.00,0.00,16,0,0,eng ENG,1,774,0.93,21,0,0
347,0,0.00,"MF,DF",7,0,Aleksandar Dragović,0.00,Leicester City,0.00,70,7,4,0.23,0.00,0.00,11,2,0,at AUT,0,769,0.82,26,0,0
348,0,0.00,MF,14,0,Philip Billing,0.00,Huddersfield Town,0.00,48,8,8,0.35,0.24,0.00,16,3,0,dk DEN,0,764,1.65,21,2,0
349,0,0.12,MF,9,0,Adrien Silva,0.12,Leicester City,0.00,63,9,3,0.35,0.24,0.00,12,3,0,pt POR,1,761,1.06,28,2,0
350,0,0.00,MF,14,0,Roque Mesa,0.00,Swansea City,0.00,69,9,2,0.36,0.12,0.00,11,3,0,es ESP,0,754,1.67,28,1,0
351,0,0.36,FW,28,3,Andy Carroll,0.36,West Ham United,0.36,47,7,9,0.84,0.96,0.36,16,6,1,eng ENG,0,751,3.36,28,8,0
352,0,0.00,MF,15,0,Beram Kayal,0.00,Brighton & Hove Albion,0.00,39,8,11,0.24,0.12,0.00,19,2,0,il ISR,0,745,1.81,29,1,0
353,0,0.38,MF,4,2,Andy King,0.38,Swansea City,0.25,65,9,2,0.13,0.50,0.25,11,1,0,wal WAL,1,715,0.50,28,4,0
354,0,0.25,FW,7,2,Wilfried Bony,0.25,Swansea City,0.25,47,8,7,0.25,0.89,0.25,15,2,0,ci CIV,0,707,0.89,28,7,0
355,0,0.00,MF,9,0,Renato Sanches,0.00,Swansea City,0.00,59,9,3,0.13,0.00,0.00,12,1,0,pt POR,0,702,1.15,19,0,0
356,0,0.13,DF,6,0,José Fonte,0.13,West Ham United,0.00,86,8,0,0.00,0.13,0.00,8,0,0,pt POR,1,688,0.78,33,1,0
357,0,0.53,MF,14,4,Marouane Fellaini,0.53,Manchester United,0.53,43,5,11,0.13,0.92,0.53,16,1,0,be BEL,0,683,1.84,29,7,0
358,0,0.00,DF,5,0,Chancel Mbemba,0.00,Newcastle United,0.00,75,7,2,0.00,0.00,0.00,9,0,0,cd COD,0,672,0.67,22,0,0
359,0,0.00,MF,14,0,Jason Puncheon,0.00,Crystal Palace,0.00,65,6,4,0.70,0.28,0.00,10,5,0,eng ENG,0,645,1.95,31,2,0
360,0,0.00,DF,8,0,Marcos Rojo,0.00,Manchester United,0.00,71,8,1,0.84,0.14,0.00,9,6,0,ar ARG,0,640,1.13,27,1,0
361,0,0.00,MF,7,0,Scott McTominay,0.00,Manchester United,0.00,49,7,6,0.28,0.00,0.00,13,2,0,sc SCO,0,634,0.99,20,0,0
362,0,0.00,DF,2,0,Aaron Wan-Bissaka,0.00,Crystal Palace,0.00,90,7,0,0.14,0.00,0.00,7,1,0,eng ENG,0,627,0.29,19,0,0
363,0,0.14,"FW,MF",3,1,Luciano Narsingh,0.14,Swansea City,0.14,35,5,13,0.00,0.72,0.14,18,0,0,nl NED,0,625,0.43,26,5,0
364,0,0.29,FW,5,1,Jesé,0.29,Stoke City,0.15,47,8,5,0.00,0.59,0.15,13,0,0,es ESP,1,614,0.73,24,4,0
365,0,0.00,FW,9,0,Benik Afobe,0.00,Bournemouth,0.00,36,5,12,0.00,0.44,0.00,17,0,0,eng ENG,0,611,1.33,24,3,0
366,0,0.30,MF,11,2,Lys Mousset,0.30,Bournemouth,0.30,26,4,19,0.15,0.76,0.30,23,1,0,fr FRA,0,596,1.66,21,5,0
367,0,0.30,FW,13,1,Dominic Solanke,0.30,Liverpool,0.15,28,5,16,0.00,1.21,0.15,21,0,0,eng ENG,1,596,1.96,19,8,0
368,0,0.15,MF,1,0,Fousseni Diabaté,0.15,Leicester City,0.00,42,5,9,0.15,0.31,0.00,14,1,0,ml MLI,1,587,0.15,21,2,0
369,0,0.00,MF,7,0,Nikola Vlašić,0.00,Everton,0.00,48,7,5,0.00,0.16,0.00,12,0,0,hr CRO,0,576,1.09,19,1,0
370,0,0.00,DF,6,0,Glen Johnson,0.00,Stoke City,0.00,61,7,2,0.49,0.16,0.00,9,3,0,eng ENG,0,547,0.99,32,1,0
371,0,0.17,MF,11,1,Sam Field,0.17,West Bromwich Albion,0.17,54,7,3,0.50,0.17,0.17,10,3,0,eng ENG,0,537,1.84,19,1,0
372,0,0.00,MF,7,0,Oleksandr Zinchenko,0.00,Manchester City,0.00,67,6,2,0.17,0.34,0.00,8,1,0,ua UKR,0,532,1.18,20,2,0
373,0,0.17,MF,10,1,Danny Drinkwater,0.17,Chelsea,0.17,44,5,7,0.00,0.34,0.17,12,0,0,eng ENG,0,527,1.71,27,2,0
374,0,0.00,DF,2,0,Craig Cathcart,0.00,Watford,0.00,75,5,2,0.17,0.17,0.00,7,1,0,nir NIR,0,523,0.34,28,1,0
375,0,0.18,FW,6,0,Saido Berahino,0.18,Stoke City,0.00,33,3,12,0.00,0.73,0.00,15,0,0,eng ENG,1,494,1.09,23,4,1
376,0,0.00,DF,2,0,Eliaquim Mangala,0.00,Manchester City,0.00,54,4,5,0.00,0.00,0.00,9,0,0,fr FRA,0,488,0.37,26,0,0
377,0,0.00,"DF,MF",4,0,Daniel Amartey,0.00,Leicester City,0.00,61,6,2,0.37,0.00,0.00,8,1,1,gh GHA,0,487,0.74,22,0,0
378,0,0.00,DF,3,0,Tom Edwards,0.00,Stoke City,0.00,80,6,0,0.00,0.00,0.00,6,0,0,eng ENG,0,481,0.56,18,0,0
379,0,0.56,MF,8,3,Bakary Sako,0.56,Crystal Palace,0.56,30,4,12,0.00,1.13,0.56,16,0,0,ml MLI,0,478,1.51,29,6,0
380,0,0.00,DF,2,0,Gareth McAuley,0.00,West Bromwich Albion,0.00,51,5,4,0.00,0.00,0.00,9,0,0,nir NIR,0,458,0.39,37,0,0
381,0,0.00,MF,11,0,Ben Watson,0.00,Watford,0.00,57,6,2,0.20,0.00,0.00,8,1,0,eng ENG,0,456,2.17,32,0,0
382,0,0.40,FW,21,1,Stefano Okaka,0.40,Watford,0.20,30,3,12,0.40,0.60,0.20,15,2,0,it ITA,1,453,4.17,27,3,0
383,0,0.20,FW,7,0,Guido Carrillo,0.20,Southampton,0.00,64,5,2,0.00,0.80,0.00,7,0,0,"ar ARG,it ITA",1,450,1.40,26,4,0
384,0,0.00,"DF,MF",3,0,Nathaniel Chalobah,0.00,Watford,0.00,75,5,1,0.20,0.81,0.00,6,1,0,eng ENG,0,447,0.60,22,4,0
385,0,0.00,DF,5,0,Matteo Darmian,0.00,Manchester United,0.00,56,5,3,0.00,0.00,0.00,8,0,0,it ITA,0,444,1.01,27,0,0
386,0,0.00,DF,3,0,Jaïro Riedewald,0.00,Crystal Palace,0.00,37,4,8,0.00,0.00,0.00,12,0,0,nl NED,0,442,0.61,20,0,0
387,0,0.21,DF,5,1,Molla Wagué,0.21,Watford,0.21,73,5,1,0.00,0.21,0.21,6,0,0,ml MLI,0,438,1.03,26,1,0
388,0,0.21,"FW,MF",3,1,Gerard Deulofeu,0.21,Watford,0.21,62,5,2,0.00,0.83,0.21,7,0,0,es ESP,0,435,0.62,23,4,0
389,0,0.63,"FW,MF",1,2,Daniel Sturridge,0.63,Liverpool,0.42,48,5,4,0.00,1.67,0.42,9,0,0,eng ENG,1,431,0.21,27,8,0
390,0,0.00,"MF,FW",9,0,Wayne Routledge,0.00,Swansea City,0.00,29,4,11,0.21,0.42,0.00,15,1,0,eng ENG,0,429,1.89,32,2,0
391,0,0.21,DF,3,1,Jan Bednarek,0.21,Southampton,0.21,85,5,0,0.21,0.21,0.21,5,1,0,pl POL,0,426,0.63,21,1,0
392,0,0.00,MF,8,0,Charlie Adam,0.00,Stoke City,0.00,37,5,6,0.66,0.66,0.00,11,2,1,sco SCO,0,411,1.75,31,3,1
393,0,1.16,FW,13,4,Olivier Giroud,1.16,Arsenal,0.93,24,1,15,0.00,3.48,0.93,16,0,0,fr FRA,1,388,3.02,30,15,0
394,0,0.00,GK,0,0,David Ospina,0.00,Arsenal,0.00,76,4,1,0.00,0.00,0.00,5,0,0,co COL,0,381,0.00,28,0,0
395,0,0.24,MF,5,0,Hamza Choudhury,0.24,Leicester City,0.00,47,4,4,0.24,0.00,0.00,8,1,0,eng ENG,1,378,1.19,19,0,0
396,0,0.49,MF,2,0,Oliver Burke,0.49,West Bromwich Albion,0.00,25,2,13,0.00,0.00,0.00,15,0,0,sco SCO,2,367,0.49,20,0,0
397,0,0.25,DF,2,1,Per Mertesacker,0.25,Arsenal,0.25,61,4,2,0.00,0.49,0.25,6,0,0,de GER,0,366,0.49,32,2,0
398,0,0.25,DF,6,0,Benjamin Mendy,0.25,Manchester City,0.00,52,4,3,0.50,0.25,0.00,7,2,0,fr FRA,1,363,1.49,23,1,0
399,0,0.00,"MF,DF",4,0,Daley Blind,0.00,Manchester United,0.00,52,4,3,0.00,0.00,0.00,7,0,0,nl NED,0,362,0.99,27,0,0
400,0,0.75,FW,4,2,Michy Batshuayi,0.75,Chelsea,0.50,30,3,9,0.00,1.25,0.50,12,0,0,be BEL,1,360,1.00,23,5,0
401,0,0.00,FW,6,0,Alexander Sørloth,0.00,Crystal Palace,0.00,90,4,0,0.00,0.75,0.00,4,0,0,no NOR,0,360,1.50,21,3,0
402,0,0.00,"MF,DF",4,0,Kostas Stafylidis,0.00,Stoke City,0.00,67,4,1,0.00,0.00,0.00,5,0,0,gr GRE,0,335,1.07,23,0,0
403,0,0.00,"FW,MF",3,0,Izzy Brown,0.00,Brighton & Hove Albion,0.00,24,4,9,0.00,0.29,0.00,13,0,0,eng ENG,0,311,0.87,20,1,0
404,0,0.00,"FW,MF",4,0,Adam Lallana,0.00,Liverpool,0.00,26,1,11,0.29,0.00,0.00,12,1,0,eng ENG,0,308,1.17,29,0,0
405,0,0.59,FW,4,2,Diafra Sakho,0.59,West Ham United,0.59,22,0,14,0.59,0.88,0.59,14,2,0,sn SEN,0,306,1.18,27,3,0
406,0,0.00,GK,0,0,Tom Heaton,0.00,Burnley,0.00,76,4,0,0.00,0.00,0.00,4,0,0,eng ENG,0,305,0.00,31,0,0
407,0,0.00,MF,7,0,Leon Britton,0.00,Swansea City,0.00,60,4,1,0.30,0.00,0.00,5,1,0,eng ENG,0,302,2.09,34,0,0
408,0,0.32,DF,3,0,Emerson Palmieri,0.32,Chelsea,0.00,56,3,2,0.00,0.64,0.00,5,0,0,br BRA,1,280,0.96,22,2,0
409,0,0.00,FW,1,0,Sandro Ramírez,0.00,Everton,0.00,35,3,5,0.00,0.32,0.00,8,0,0,es ESP,0,278,0.32,22,1,0
410,0,0.33,FW,4,0,Oliver McBurnie,0.33,Swansea City,0.00,25,2,9,0.00,0.98,0.00,11,0,0,sco SCO,1,276,1.30,21,3,0
411,0,0.00,GK,0,0,Ben Hamer,0.00,Leicester City,0.00,69,3,1,0.00,0.00,0.00,4,0,0,eng ENG,0,275,0.00,29,0,0
412,0,0.00,GK,0,0,Lee Grant,0.00,Stoke City,0.00,90,3,0,0.00,0.00,0.00,3,0,0,eng ENG,0,270,0.00,34,0,0
413,0,0.00,GK,0,0,Willy Caballero,0.00,Chelsea,0.00,90,3,0,0.00,0.00,0.00,3,0,0,ar ARG,0,270,0.00,35,0,0
414,0,0.00,DF,0,0,Connor Roberts,0.00,Swansea City,0.00,67,3,1,0.00,0.00,0.00,4,0,0,wal WAL,0,268,0.00,21,0,0
415,0,0.34,FW,6,1,Danny Ings,0.34,Liverpool,0.34,33,3,5,0.00,1.69,0.34,8,0,0,eng ENG,0,267,2.02,25,5,0
416,0,0.34,FW,7,1,Leonardo Ulloa,0.34,Brighton & Hove Albion,0.34,27,2,8,0.00,0.67,0.34,10,0,0,"ar ARG,es ESP",0,267,2.36,31,2,0
417,0,0.35,"MF,FW",1,1,Nacer Chadli,0.35,West Bromwich Albion,0.35,52,2,3,0.35,0.69,0.35,5,1,0,be BEL,0,260,0.35,27,2,0
418,0,0.00,MF,5,0,Davy Klaassen,0.00,Everton,0.00,36,3,4,0.00,0.72,0.00,7,0,0,nl NED,0,251,1.79,24,2,0
419,0,0.00,"DF,MF",4,0,Sam Byram,0.00,West Ham United,0.00,50,2,3,0.36,0.00,0.00,5,1,0,eng ENG,0,248,1.45,23,0,0
420,0,0.38,FW,4,1,Fernando Llorente,0.38,Tottenham Hotspur,0.38,15,1,15,0.38,0.76,0.38,16,1,0,es ESP,0,238,1.51,32,2,0
421,0,0.76,MF,5,0,Yaya Touré,0.76,Manchester City,0.00,24,1,9,0.38,0.38,0.00,10,1,0,ci CIV,2,236,1.91,34,1,0
422,0,0.00,DF,5,0,Kyle Bartley,0.00,Swansea City,0.00,47,2,3,0.77,0.00,0.00,5,2,0,eng ENG,0,235,1.91,26,0,0
423,0,0.00,DF,1,0,Patrice Evra,0.00,West Ham United,0.00,46,3,2,0.00,0.00,0.00,5,0,0,fr FRA,0,228,0.39,36,0,0
424,0,0.00,GK,0,0,Claudio Bravo,0.00,Manchester City,0.00,75,2,1,0.00,0.00,0.00,3,0,0,cl CHI,0,226,0.00,34,0,0
425,0,0.80,FW,2,1,Jürgen Locadia,0.80,Brighton & Hove Albion,0.40,37,3,3,0.00,0.40,0.40,6,0,0,nl NED,1,224,0.80,23,1,0
426,0,0.41,"FW,MF",3,1,Joe Lolley,0.41,Huddersfield Town,0.41,37,2,4,0.41,1.22,0.41,6,1,0,eng ENG,0,221,1.22,24,3,0
427,0,0.41,MF,4,0,Abdelhamid Sabiri,0.41,Huddersfield Town,0.00,44,2,3,0.41,0.00,0.00,5,1,0,ma MAR,1,220,1.64,20,0,0
428,0,0.43,"MF,FW",4,0,Lucas Moura,0.43,Tottenham Hotspur,0.00,35,2,4,0.00,0.86,0.00,6,0,0,br BRA,1,210,1.71,24,2,0
429,0,0.43,"MF,FW",0,1,James Morrison,0.43,West Bromwich Albion,0.43,52,2,2,0.00,0.87,0.43,4,0,0,sco SCO,0,207,0.00,31,2,0
430,0,0.00,MF,3,0,James McCarthy,0.00,Everton,0.00,51,3,1,0.00,0.00,0.00,4,0,0,ie IRL,0,205,1.32,26,0,0
431,0,0.00,DF,2,0,Tyrone Mings,0.00,Bournemouth,0.00,50,3,1,0.45,0.00,0.00,4,1,0,eng ENG,0,201,0.90,24,0,0
432,0,0.00,DF,2,0,Connor Goldson,0.00,Brighton & Hove Albion,0.00,67,2,1,0.45,0.45,0.00,3,1,0,eng ENG,0,200,0.90,24,1,0
433,0,0.00,"FW,MF",6,0,Nordin Amrabat,0.00,Watford,0.00,66,3,0,0.00,0.00,0.00,3,0,0,ma MAR,0,198,2.73,30,0,0
434,0,0.00,MF,4,0,Beni Baningime,0.00,Everton,0.00,25,1,7,0.45,0.00,0.00,8,1,0,cd COD,0,198,1.82,18,0,0
435,0,0.00,DF,2,0,Konstantinos Mavropanos,0.00,Arsenal,0.00,65,3,0,0.46,0.00,0.00,3,0,1,gr GRE,0,195,0.92,19,0,0
436,0,0.95,DF,1,0,Kyle Walker-Peters,0.95,Tottenham Hotspur,0.00,63,2,1,0.00,0.00,0.00,3,0,0,eng ENG,2,189,0.48,20,0,0
437,0,0.00,GK,0,0,Eldin Jakupović,0.00,Leicester City,0.00,90,2,0,0.00,0.00,0.00,2,0,0,ch SUI,0,180,0.00,32,0,0
438,0,0.00,DF,0,0,Martin Cranie,0.00,Huddersfield Town,0.00,60,2,1,0.00,0.00,0.00,3,0,0,eng ENG,0,180,0.00,30,0,0
439,0,0.50,"FW,MF",1,0,Jérémy Pied,0.50,Southampton,0.00,90,2,0,0.00,0.00,0.00,2,0,0,fr FRA,1,180,0.50,28,0,0
440,0,0.00,DF,4,0,Nathaniel Clyne,0.00,Liverpool,0.00,58,2,1,0.52,0.52,0.00,3,1,0,eng ENG,0,174,2.07,26,1,0
441,0,0.00,MF,4,0,Kasey Palmer,0.00,Huddersfield Town,0.00,43,1,3,1.06,0.53,0.00,4,2,0,eng ENG,0,170,2.12,20,1,0
442,0,0.00,"MF,DF",1,0,Francis Coquelin,0.00,Arsenal,0.00,24,1,6,0.00,0.00,0.00,7,0,0,fr FRA,0,169,0.53,26,0,0
443,0,0.00,"FW,MF",1,0,Jamie Murphy,0.00,Brighton & Hove Albion,0.00,42,1,3,0.00,0.00,0.00,4,0,0,sco SCO,0,168,0.54,27,0,0
444,0,0.00,"MF,FW",1,0,Ibrahim Afellay,0.00,Stoke City,0.00,28,1,5,0.54,0.00,0.00,6,1,0,nl NED,0,166,0.54,31,0,0
445,0,0.00,DF,1,0,Matt Targett,0.00,Southampton,0.00,83,2,0,0.00,0.00,0.00,2,0,0,eng ENG,0,166,0.54,21,0,0
446,0,0.00,DF,1,0,Liam Rosenior,0.00,Brighton & Hove Albion,0.00,55,1,2,0.00,0.00,0.00,3,0,0,eng ENG,0,164,0.55,33,0,0
447,0,0.00,MF,1,0,Josh Sims,0.00,Southampton,0.00,27,1,5,0.00,2.76,0.00,6,0,0,eng ENG,0,163,0.55,20,5,0
448,0,0.00,DF,0,0,Josh Tymon,0.00,Stoke City,0.00,54,2,1,0.00,0.00,0.00,3,0,0,eng ENG,0,163,0.00,18,0,0
449,0,0.00,FW,5,0,Ademola Lookman,0.00,Everton,0.00,23,1,6,0.00,0.00,0.00,7,0,0,eng ENG,0,159,2.83,19,0,0
450,0,0.00,DF,1,0,Àngel Rangel,0.00,Swansea City,0.00,39,2,2,0.00,0.00,0.00,4,0,0,es ESP,0,156,0.58,34,0,0
451,0,0.00,DF,1,0,Younès Kaboul,0.00,Watford,0.00,75,2,0,0.00,0.00,0.00,2,0,0,fr FRA,0,150,0.60,31,0,0
452,0,0.00,MF,0,0,Sam McQueen,0.00,Southampton,0.00,21,1,6,0.00,0.00,0.00,7,0,0,eng ENG,0,148,0.00,22,0,0
453,0,0.00,MF,0,0,Reiss Nelson,0.00,Arsenal,0.00,48,2,1,0.00,0.00,0.00,3,0,0,eng ENG,0,145,0.00,17,0,0
454,0,0.00,MF,1,0,Rolando Aarons,0.00,Newcastle United,0.00,35,1,3,0.00,0.65,0.00,4,0,0,eng ENG,0,139,0.65,21,1,0
455,0,0.00,"MF,FW",1,0,Kevin Mirallas,0.00,Everton,0.00,28,2,3,0.65,1.30,0.00,5,1,0,be BEL,0,138,0.65,29,2,0
456,0,0.00,"MF,FW",1,0,Lee Chung-yong,0.00,Crystal Palace,0.00,19,1,6,0.00,0.00,0.00,7,0,0,kr KOR,0,135,0.67,29,0,0
457,0,0.00,FW,1,0,Islam Slimani,0.00,Newcastle United,0.00,33,1,3,0.68,1.36,0.00,4,1,0,dz ALG,0,132,0.68,29,2,0
458,0,0.00,MF,1,0,Stephen Ireland,0.00,Stoke City,0.00,33,1,3,0.69,0.00,0.00,4,1,0,ie IRL,0,131,0.69,30,0,0
459,0,0.00,MF,1,0,Ross Barkley,0.00,Chelsea,0.00,65,2,0,0.00,0.70,0.00,2,0,0,eng ENG,0,129,0.70,23,1,0
460,0,0.00,DF,3,0,Ramiro Funes Mori,0.00,Everton,0.00,30,1,3,0.74,0.00,0.00,4,1,0,ar ARG,0,121,2.23,26,0,0
461,0,0.00,MF,1,0,Michael Carrick,0.00,Manchester United,0.00,55,1,1,0.00,0.83,0.00,2,0,0,eng ENG,0,109,0.83,36,1,0
462,0,0.00,FW,1,0,Zlatan Ibrahimović,0.00,Manchester United,0.00,21,1,4,0.00,0.85,0.00,5,0,0,se SWE,0,106,0.85,35,1,0
463,0,0.00,DF,0,0,Jesús Gámez,0.00,Newcastle United,0.00,49,1,1,0.00,0.00,0.00,2,0,0,es ESP,0,98,0.00,32,0,0
464,0,0.00,DF,0,0,Damien Delaney,0.00,Crystal Palace,0.00,48,1,1,0.00,0.00,0.00,2,0,0,ie IRL,0,96,0.00,36,0,0
465,0,0.95,FW,2,1,Aleksandar Mitrović,0.95,Newcastle United,0.95,16,0,6,0.00,1.89,0.95,6,0,0,rs SRB,0,95,1.89,22,2,0
466,0,0.00,GK,0,0,Michel Vorm,0.00,Tottenham Hotspur,0.00,90,1,0,0.00,0.00,0.00,1,0,0,nl NED,0,90,0.00,33,0,0
467,0,0.00,GK,0,0,Sergio Romero,0.00,Manchester United,0.00,90,1,0,0.00,0.00,0.00,1,0,0,ar ARG,0,90,0.00,30,0,0
468,0,0.00,GK,0,0,Paulo Gazzaniga,0.00,Tottenham Hotspur,0.00,90,1,0,0.00,0.00,0.00,1,0,0,ar ARG,0,90,0.00,25,0,0
469,0,0.00,GK,1,0,Boaz Myhill,0.00,West Bromwich Albion,0.00,90,1,0,1.00,0.00,0.00,1,1,0,wal WAL,0,90,1.00,34,0,0
470,0,0.00,DF,1,0,Yohan Benalouane,0.00,Leicester City,0.00,90,1,0,0.00,1.00,0.00,1,0,0,tn TUN,0,90,1.00,30,1,0
471,0,1.08,"MF,FW",0,1,Henri Saivet,1.08,Newcastle United,1.08,83,1,0,0.00,1.08,1.08,1,0,0,sn SEN,0,83,0.00,26,1,0
472,0,0.00,MF,0,0,Joe Willock,0.00,Arsenal,0.00,41,1,1,0.00,0.00,0.00,2,0,0,eng ENG,0,82,0.00,17,0,0
473,0,0.00,FW,0,0,Tyrese Campbell,0.00,Stoke City,0.00,20,0,4,0.00,1.14,0.00,4,0,0,eng ENG,0,79,0.00,17,1,0
474,0,0.00,MF,0,0,Lasse Sørensen,0.00,Stoke City,0.00,75,1,0,0.00,0.00,0.00,1,0,0,dk DEN,0,75,0.00,17,0,0
475,0,0.00,DF,0,0,Jack Simpson,0.00,Bournemouth,0.00,71,1,0,0.00,0.00,0.00,1,0,0,eng ENG,0,71,0.00,20,0,0
476,0,0.00,"MF,FW",0,0,Bojan Krkić,0.00,Stoke City,0.00,71,1,0,0.00,0.00,0.00,1,0,0,es ESP,0,71,0.00,26,0,0
477,0,0.00,"MF,DF",0,0,Dean Whitehead,0.00,Huddersfield Town,0.00,18,0,4,0.00,0.00,0.00,4,0,0,eng ENG,0,71,0.00,35,0,0
478,0,0.00,MF,0,0,Emerson Hyndman,0.00,Bournemouth,0.00,58,1,0,0.00,0.00,0.00,1,0,0,us USA,0,58,0.00,21,0,0
479,0,0.00,MF,1,0,Brahim Díaz,0.00,Manchester City,0.00,11,0,5,0.00,1.64,0.00,5,0,0,es ESP,0,55,1.64,17,1,0
480,0,0.00,FW,4,0,Nahki Wells,0.00,Burnley,0.00,6,0,9,0.00,1.64,0.00,9,0,0,bm BER,0,55,6.55,27,1,0
481,0,1.84,MF,1,0,Phil Foden,1.84,Manchester City,0.00,10,0,5,0.00,0.00,0.00,5,0,0,eng ENG,1,49,1.84,17,0,0
482,0,0.00,"DF,MF",1,0,Muhamed Bešić,0.00,Everton,0.00,23,0,2,0.00,0.00,0.00,2,0,0,ba BIH,0,46,1.96,24,0,0
483,0,0.00,"FW,MF",0,0,Jonathan Walters,0.00,Burnley,0.00,13,0,3,0.00,0.00,0.00,3,0,0,ie IRL,0,39,0.00,33,0,0
484,0,0.00,MF,3,0,Charly Musonda Jr.,0.00,Chelsea,0.00,12,0,3,0.00,0.00,0.00,3,0,0,be BEL,0,37,7.30,20,0,0
485,0,0.00,DF,2,0,Michael Hefele,0.00,Huddersfield Town,0.00,17,0,2,2.73,0.00,0.00,2,1,0,de GER,0,33,5.45,26,0,0
486,0,0.00,"MF,FW",0,0,Sam Baldock,0.00,Brighton & Hove Albion,0.00,16,0,2,0.00,0.00,0.00,2,0,0,eng ENG,0,32,0.00,28,0,0
487,0,0.00,FW,1,0,Jerome Sinclair,0.00,Watford,0.00,8,0,4,0.00,0.00,0.00,4,0,0,eng ENG,0,31,2.90,20,0,0
488,0,0.00,MF,0,0,Callum Hudson-Odoi,0.00,Chelsea,0.00,15,0,2,0.00,3.10,0.00,2,0,0,,0,29,0.00,16,1,0
489,0,0.00,MF,0,0,Levi Lumeka,0.00,Crystal Palace,0.00,26,0,1,0.00,0.00,0.00,1,0,0,eng ENG,0,26,0.00,18,0,0
490,0,0.00,FW,3,0,Jordan Hugill,0.00,West Ham United,0.00,8,0,3,0.00,0.00,0.00,3,0,0,eng ENG,0,25,10.80,25,0,0
491,0,0.00,MF,0,0,Rekeem Harper,0.00,West Bromwich Albion,0.00,21,0,1,0.00,0.00,0.00,1,0,0,eng ENG,0,21,0.00,17,0,0
492,0,0.00,FW,0,0,Julien Ngoy,0.00,Stoke City,0.00,20,0,1,0.00,0.00,0.00,1,0,0,be BEL,0,20,0.00,19,0,0
493,0,4.50,FW,1,0,Eddie Nketiah,4.50,Arsenal,0.00,7,0,3,0.00,0.00,0.00,3,0,0,eng ENG,1,20,4.50,18,0,0
494,0,0.00,MF,2,0,Jay Fulton,0.00,Swansea City,0.00,10,0,2,4.74,0.00,0.00,2,1,0,sco SCO,0,19,9.47,23,0,0
495,0,0.00,DF,0,0,Uwe Hünemeier,0.00,Brighton & Hove Albion,0.00,18,0,1,0.00,0.00,0.00,1,0,0,de GER,0,18,0.00,31,0,0
496,0,0.00,FW,0,0,Freddie Ladapo,0.00,Crystal Palace,0.00,17,0,1,0.00,0.00,0.00,1,0,0,eng ENG,0,17,0.00,24,0,0
497,0,0.00,"MF,FW",1,0,Jeremie Boga,0.00,Chelsea,0.00,17,1,0,0.00,0.00,0.00,1,0,0,fr FRA,0,17,5.29,20,0,0
498,0,0.00,MF,0,0,Dodi Lukebakio,0.00,Watford,0.00,16,0,1,0.00,0.00,0.00,1,0,0,be BEL,0,16,0.00,19,0,0
499,0,0.00,FW,0,0,Lukas Nmecha,0.00,Manchester City,0.00,8,0,2,0.00,0.00,0.00,2,0,0,eng ENG,0,16,0.00,18,0,0
500,0,0.00,MF,0,0,Marko Grujić,0.00,Liverpool,0.00,5,0,3,0.00,0.00,0.00,3,0,0,rs SRB,0,16,0.00,21,0,0
501,0,0.00,MF,0,0,Sullay Kaikai,0.00,Crystal Palace,0.00,14,0,1,0.00,0.00,0.00,1,0,0,eng ENG,0,14,0.00,21,0,0
502,0,0.00,MF,0,0,Ethan Ampadu,0.00,Chelsea,0.00,11,0,1,0.00,0.00,0.00,1,0,0,wal WAL,0,11,0.00,16,0,0
503,0,0.00,MF,1,0,Harvey Barnes,0.00,Leicester City,0.00,3,0,3,0.00,0.00,0.00,3,0,0,eng ENG,0,10,9.00,19,0,0
504,0,0.00,"FW,MF",0,0,Divock Origi,0.00,Liverpool,0.00,10,0,1,0.00,0.00,0.00,1,0,0,be BEL,0,10,0.00,22,0,0
505,0,0.00,DF,0,0,Pape Souaré,0.00,Crystal Palace,0.00,9,0,1,0.00,0.00,0.00,1,0,0,sn SEN,0,9,0.00,27,0,0
506,0,0.00,FW,0,0,Michael Obafemi,0.00,Southampton,0.00,9,0,1,0.00,0.00,0.00,1,0,0,ie IRL,0,9,0.00,17,0,0
507,0,0.00,DF,0,0,Josh Cullen,0.00,West Ham United,0.00,4,0,2,0.00,0.00,0.00,2,0,0,ie IRL,0,8,0.00,21,0,0
508,0,0.00,FW,0,0,Ben Woodburn,0.00,Liverpool,0.00,7,0,1,0.00,0.00,0.00,1,0,0,eng ENG,0,7,0.00,17,0,0
509,0,0.00,DF,0,0,Reece Oxford,0.00,West Ham United,0.00,5,0,1,0.00,0.00,0.00,1,0,0,eng ENG,0,5,0.00,18,0,0
510,0,0.00,DF,0,0,Massadio Haïdara,0.00,Newcastle United,0.00,4,0,1,0.00,0.00,0.00,1,0,0,fr FRA,0,4,0.00,24,0,0
511,0,0.00,DF,0,0,Axel Tuanzebe,0.00,Manchester United,0.00,1,0,1,0.00,0.00,0.00,1,0,0,cd COD,0,1,0.00,19,0,0
512,0,0.00,FW,0,0,Vincent Janssen,0.00,Tottenham Hotspur,0.00,1,0,1,0.00,0.00,0.00,1,0,0,nl NED,0,1,0.00,23,0,0
513,0,0.00,MF,0,0,Georges-Kévin N'Koudou,0.00,Tottenham Hotspur,0.00,1,0,1,0.00,0.00,0.00,1,0,0,fr FRA,0,1,0.00,22,0,0
514,0,0.00,MF,0,0,Aiden O'Neill,0.00,Burnley,0.00,1,0,1,0.00,0.00,0.00,1,0,0,au AUS,0,1,0.00,19,0,0